,model,phase_strategy,threshold,bias,lr,initial_weights,neuron_outputs,circuit_size
0,HSGS,original,0.3,False,0.02,0.4384092314408935,"[1.0, 0.0, 1.0, 0.0, 1.0, 0.0, 1.0, 0.0, 1.0, 0.0, 1.0, 0.0, 1.0, 0.0, 1.0, 0.0, 1.0, 0.0, 1.0, 0.0]","[5, 6, 5, 6, 5, 6, 5, 6, 5, 6, 5, 6, 5, 6, 5, 6, 5, 6, 5, 6]"
1,HSGS,original,0.3,True,0.02,0.4384092314408935,"[0.0, 0.2469482421875, 1.0, 0.24755859375, 0.0, 0.247802734375, 1.0, 0.243408203125, 0.0, 0.2535400390625, 1.0, 0.24560546875, 0.0, 0.2479248046875, 1.0, 0.2513427734375, 0.0, 0.2464599609375, 1.0, 0.258544921875]","[9, 11, 8, 10, 9, 11, 8, 10, 9, 11, 8, 10, 9, 11, 8, 10, 9, 11, 8, 10]"
2,HSGS,original,0.3,False,0.1,0.4384092314408935,"[1.0, 0.0, 1.0, 0.0, 1.0, 0.0, 1.0, 0.0, 1.0, 0.0, 1.0, 0.0, 1.0, 0.0, 1.0, 0.0, 1.0, 0.0, 1.0, 0.0]","[5, 6, 5, 6, 5, 6, 5, 6, 5, 6, 5, 6, 5, 6, 5, 6, 5, 6, 5, 6]"
3,HSGS,original,0.3,True,0.1,0.4384092314408935,"[1.0, 0.25146484375, 0.0, 0.2557373046875, 1.0, 0.240966796875, 0.0, 0.25048828125, 1.0, 0.2509765625, 0.0, 0.2503662109375, 1.0, 0.257080078125, 0.0, 0.23681640625, 1.0, 0.255126953125, 0.0, 0.2447509765625]","[10, 12, 9, 11, 10, 12, 9, 11, 10, 12, 9, 11, 10, 12, 9, 11, 10, 12, 9, 11]"
4,HSGS,original,0.5,False,0.02,0.4384092314408935,"[1.0, 0.0, 1.0, 0.0, 1.0, 0.0, 1.0, 0.0, 1.0, 0.0, 1.0, 0.0, 1.0, 0.0, 1.0, 0.0, 1.0, 0.0, 1.0, 0.0]","[5, 6, 5, 6, 5, 6, 5, 6, 5, 6, 5, 6, 5, 6, 5, 6, 5, 6, 5, 6]"
5,HSGS,original,0.5,True,0.02,0.4384092314408935,"[0.0, 0.2567138671875, 1.0, 0.242919921875, 0.0, 0.2611083984375, 1.0, 0.2412109375, 0.0, 0.251953125, 1.0, 0.2535400390625, 0.0, 0.2491455078125, 1.0, 0.2540283203125, 0.0, 0.2445068359375, 1.0, 0.2540283203125]","[9, 11, 8, 10, 9, 11, 8, 10, 9, 11, 8, 10, 9, 11, 8, 10, 9, 11, 8, 10]"
6,HSGS,original,0.5,False,0.1,0.4384092314408935,"[1.0, 0.0, 1.0, 0.0, 1.0, 0.0, 1.0, 0.0, 1.0, 0.0, 1.0, 0.0, 1.0, 0.0, 1.0, 0.0, 1.0, 0.0, 1.0, 0.0]","[5, 6, 5, 6, 5, 6, 5, 6, 5, 6, 5, 6, 5, 6, 5, 6, 5, 6, 5, 6]"
7,HSGS,original,0.5,True,0.1,0.4384092314408935,"[1.0, 0.2493896484375, 0.0, 0.2437744140625, 1.0, 0.24560546875, 0.0, 0.2525634765625, 1.0, 0.2432861328125, 0.0, 0.249755859375, 1.0, 0.2528076171875, 0.0, 0.2484130859375, 1.0, 0.25244140625, 0.0, 0.24658203125]","[10, 12, 9, 11, 10, 12, 9, 11, 10, 12, 9, 11, 10, 12, 9, 11, 10, 12, 9, 11]"
8,HSGS,original,0.7,False,0.02,0.4384092314408935,"[1.0, 0.0, 1.0, 0.0, 1.0, 0.0, 1.0, 0.0, 1.0, 0.0, 1.0, 0.0, 1.0, 0.0, 1.0, 0.0, 1.0, 0.0, 1.0, 0.0]","[5, 6, 5, 6, 5, 6, 5, 6, 5, 6, 5, 6, 5, 6, 5, 6, 5, 6, 5, 6]"
9,HSGS,original,0.7,True,0.02,0.4384092314408935,"[0.0, 0.2484130859375, 1.0, 0.254638671875, 0.0, 0.25341796875, 1.0, 0.2509765625, 0.0, 0.2530517578125, 1.0, 0.2373046875, 0.0, 0.2532958984375, 1.0, 0.250244140625, 0.0, 0.2452392578125, 1.0, 0.2542724609375]","[9, 11, 8, 10, 9, 11, 8, 10, 9, 11, 8, 10, 9, 11, 8, 10, 9, 11, 8, 10]"
10,HSGS,original,0.7,False,0.1,0.4384092314408935,"[1.0, 0.0, 1.0, 0.0, 1.0, 0.0, 1.0, 0.0, 1.0, 0.0, 1.0, 0.0, 1.0, 0.0, 1.0, 0.0, 1.0, 0.0, 1.0, 0.0]","[5, 6, 5, 6, 5, 6, 5, 6, 5, 6, 5, 6, 5, 6, 5, 6, 5, 6, 5, 6]"
11,HSGS,original,0.7,True,0.1,0.4384092314408935,"[1.0, 0.2540283203125, 0.0, 0.2518310546875, 1.0, 0.2491455078125, 0.0, 0.2547607421875, 1.0, 0.2449951171875, 0.0, 0.247314453125, 1.0, 0.2493896484375, 0.0, 0.2532958984375, 1.0, 0.258544921875, 0.0, 0.2501220703125]","[10, 12, 9, 11, 10, 12, 9, 11, 10, 12, 9, 11, 10, 12, 9, 11, 10, 12, 9, 11]"
12,HSGS,original,0.8,False,0.02,0.4384092314408935,"[1.0, 0.0, 1.0, 0.0, 1.0, 0.0, 1.0, 0.0, 1.0, 0.0, 1.0, 0.0, 1.0, 0.0, 1.0, 0.0, 1.0, 0.0, 1.0, 0.0]","[5, 6, 5, 6, 5, 6, 5, 6, 5, 6, 5, 6, 5, 6, 5, 6, 5, 6, 5, 6]"
13,HSGS,original,0.8,True,0.02,0.4384092314408935,"[0.0, 0.253662109375, 1.0, 0.24365234375, 0.0, 0.2529296875, 1.0, 0.2467041015625, 0.0, 0.239013671875, 1.0, 0.249267578125, 0.0, 0.2520751953125, 1.0, 0.251953125, 0.0, 0.2421875, 1.0, 0.248046875]","[9, 11, 8, 10, 9, 11, 8, 10, 9, 11, 8, 10, 9, 11, 8, 10, 9, 11, 8, 10]"
14,HSGS,original,0.8,False,0.1,0.4384092314408935,"[1.0, 0.0, 1.0, 0.0, 1.0, 0.0, 1.0, 0.0, 1.0, 0.0, 1.0, 0.0, 1.0, 0.0, 1.0, 0.0, 1.0, 0.0, 1.0, 0.0]","[5, 6, 5, 6, 5, 6, 5, 6, 5, 6, 5, 6, 5, 6, 5, 6, 5, 6, 5, 6]"
15,HSGS,original,0.8,True,0.1,0.4384092314408935,"[1.0, 0.2564697265625, 0.0, 0.2523193359375, 1.0, 0.247314453125, 0.0, 0.2515869140625, 1.0, 0.2513427734375, 0.0, 0.254638671875, 1.0, 0.2591552734375, 0.0, 0.26171875, 1.0, 0.2528076171875, 0.0, 0.244873046875]","[10, 12, 9, 11, 10, 12, 9, 11, 10, 12, 9, 11, 10, 12, 9, 11, 10, 12, 9, 11]"
16,HSGS,original,0.9,False,0.02,0.4384092314408935,"[1.0, 0.0, 1.0, 0.0, 1.0, 0.0, 1.0, 0.0, 1.0, 0.0, 1.0, 0.0, 1.0, 0.0, 1.0, 0.0, 1.0, 0.0, 1.0, 0.0]","[5, 6, 5, 6, 5, 6, 5, 6, 5, 6, 5, 6, 5, 6, 5, 6, 5, 6, 5, 6]"
17,HSGS,original,0.9,True,0.02,0.4384092314408935,"[0.0, 0.24951171875, 1.0, 0.2447509765625, 0.0, 0.249267578125, 1.0, 0.24951171875, 0.0, 0.2513427734375, 1.0, 0.255126953125, 0.0, 0.2510986328125, 1.0, 0.2471923828125, 0.0, 0.2479248046875, 1.0, 0.25146484375]","[9, 11, 8, 10, 9, 11, 8, 10, 9, 11, 8, 10, 9, 11, 8, 10, 9, 11, 8, 10]"
18,HSGS,original,0.9,False,0.1,0.4384092314408935,"[1.0, 0.0, 1.0, 0.0, 1.0, 0.0, 1.0, 0.0, 1.0, 0.0, 1.0, 0.0, 1.0, 0.0, 1.0, 0.0, 1.0, 0.0, 1.0, 0.0]","[5, 6, 5, 6, 5, 6, 5, 6, 5, 6, 5, 6, 5, 6, 5, 6, 5, 6, 5, 6]"
19,HSGS,original,0.9,True,0.1,0.4384092314408935,"[1.0, 0.24951171875, 0.0, 0.2542724609375, 1.0, 0.2528076171875, 0.0, 0.256103515625, 1.0, 0.2506103515625, 0.0, 0.25146484375, 1.0, 0.2572021484375, 0.0, 0.2547607421875, 1.0, 0.241943359375, 0.0, 0.25244140625]","[10, 12, 9, 11, 10, 12, 9, 11, 10, 12, 9, 11, 10, 12, 9, 11, 10, 12, 9, 11]"
20,HSGS,original,0.3,False,0.02,0.7234651778309412,"[1.0, 0.0, 1.0, 0.0, 1.0, 0.0, 1.0, 0.0, 1.0, 0.0, 1.0, 0.0, 1.0, 0.0, 1.0, 0.0, 1.0, 0.0, 1.0, 0.0]","[5, 6, 5, 6, 5, 6, 5, 6, 5, 6, 5, 6, 5, 6, 5, 6, 5, 6, 5, 6]"
21,HSGS,original,0.3,True,0.02,0.7234651778309412,"[0.0, 0.248291015625, 1.0, 0.253173828125, 0.0, 0.2481689453125, 1.0, 0.2489013671875, 0.0, 0.2557373046875, 1.0, 0.246826171875, 0.0, 0.249755859375, 1.0, 0.24951171875, 0.0, 0.2464599609375, 1.0, 0.2476806640625]","[9, 11, 8, 10, 9, 11, 8, 10, 9, 11, 8, 10, 9, 11, 8, 10, 9, 11, 8, 10]"
22,HSGS,original,0.3,False,0.1,0.7234651778309412,"[1.0, 0.0, 1.0, 0.0, 1.0, 0.0, 1.0, 0.0, 1.0, 0.0, 1.0, 0.0, 1.0, 0.0, 1.0, 0.0, 1.0, 0.0, 1.0, 0.0]","[5, 6, 5, 6, 5, 6, 5, 6, 5, 6, 5, 6, 5, 6, 5, 6, 5, 6, 5, 6]"
23,HSGS,original,0.3,True,0.1,0.7234651778309412,"[1.0, 0.242919921875, 0.0, 0.2493896484375, 1.0, 0.251708984375, 0.0, 0.248779296875, 1.0, 0.256103515625, 0.0, 0.25146484375, 1.0, 0.2550048828125, 0.0, 0.2523193359375, 1.0, 0.24365234375, 0.0, 0.248046875]","[10, 12, 9, 11, 10, 12, 9, 11, 10, 12, 9, 11, 10, 12, 9, 11, 10, 12, 9, 11]"
24,HSGS,original,0.5,False,0.02,0.7234651778309412,"[1.0, 0.0, 1.0, 0.0, 1.0, 0.0, 1.0, 0.0, 1.0, 0.0, 1.0, 0.0, 1.0, 0.0, 1.0, 0.0, 1.0, 0.0, 1.0, 0.0]","[5, 6, 5, 6, 5, 6, 5, 6, 5, 6, 5, 6, 5, 6, 5, 6, 5, 6, 5, 6]"
25,HSGS,original,0.5,True,0.02,0.7234651778309412,"[0.0, 0.2470703125, 1.0, 0.2430419921875, 0.0, 0.258056640625, 1.0, 0.248779296875, 0.0, 0.2548828125, 1.0, 0.25244140625, 0.0, 0.244140625, 1.0, 0.255615234375, 0.0, 0.248046875, 1.0, 0.254638671875]","[9, 11, 8, 10, 9, 11, 8, 10, 9, 11, 8, 10, 9, 11, 8, 10, 9, 11, 8, 10]"
26,HSGS,original,0.5,False,0.1,0.7234651778309412,"[1.0, 0.0, 1.0, 0.0, 1.0, 0.0, 1.0, 0.0, 1.0, 0.0, 1.0, 0.0, 1.0, 0.0, 1.0, 0.0, 1.0, 0.0, 1.0, 0.0]","[5, 6, 5, 6, 5, 6, 5, 6, 5, 6, 5, 6, 5, 6, 5, 6, 5, 6, 5, 6]"
27,HSGS,original,0.5,True,0.1,0.7234651778309412,"[1.0, 0.24755859375, 0.0, 0.2552490234375, 1.0, 0.251708984375, 0.0, 0.25, 1.0, 0.2442626953125, 0.0, 0.2464599609375, 1.0, 0.2491455078125, 0.0, 0.24609375, 1.0, 0.2591552734375, 0.0, 0.25390625]","[10, 12, 9, 11, 10, 12, 9, 11, 10, 12, 9, 11, 10, 12, 9, 11, 10, 12, 9, 11]"
28,HSGS,original,0.7,False,0.02,0.7234651778309412,"[1.0, 0.0, 1.0, 0.0, 1.0, 0.0, 1.0, 0.0, 1.0, 0.0, 1.0, 0.0, 1.0, 0.0, 1.0, 0.0, 1.0, 0.0, 1.0, 0.0]","[5, 6, 5, 6, 5, 6, 5, 6, 5, 6, 5, 6, 5, 6, 5, 6, 5, 6, 5, 6]"
29,HSGS,original,0.7,True,0.02,0.7234651778309412,"[0.0, 0.2484130859375, 1.0, 0.2489013671875, 0.0, 0.2513427734375, 1.0, 0.2513427734375, 0.0, 0.2479248046875, 1.0, 0.24560546875, 0.0, 0.249267578125, 1.0, 0.24951171875, 0.0, 0.2447509765625, 1.0, 0.2486572265625]","[9, 11, 8, 10, 9, 11, 8, 10, 9, 11, 8, 10, 9, 11, 8, 10, 9, 11, 8, 10]"
30,HSGS,original,0.7,False,0.1,0.7234651778309412,"[1.0, 0.0, 1.0, 0.0, 1.0, 0.0, 1.0, 0.0, 1.0, 0.0, 1.0, 0.0, 1.0, 0.0, 1.0, 0.0, 1.0, 0.0, 1.0, 0.0]","[5, 6, 5, 6, 5, 6, 5, 6, 5, 6, 5, 6, 5, 6, 5, 6, 5, 6, 5, 6]"
31,HSGS,original,0.7,True,0.1,0.7234651778309412,"[1.0, 0.2445068359375, 0.0, 0.2540283203125, 1.0, 0.247802734375, 0.0, 0.2586669921875, 1.0, 0.2510986328125, 0.0, 0.240966796875, 1.0, 0.2432861328125, 0.0, 0.2496337890625, 1.0, 0.253662109375, 0.0, 0.25244140625]","[10, 12, 9, 11, 10, 12, 9, 11, 10, 12, 9, 11, 10, 12, 9, 11, 10, 12, 9, 11]"
32,HSGS,original,0.8,False,0.02,0.7234651778309412,"[1.0, 0.0, 1.0, 0.0, 1.0, 0.0, 1.0, 0.0, 1.0, 0.0, 1.0, 0.0, 1.0, 0.0, 1.0, 0.0, 1.0, 0.0, 1.0, 0.0]","[5, 6, 5, 6, 5, 6, 5, 6, 5, 6, 5, 6, 5, 6, 5, 6, 5, 6, 5, 6]"
33,HSGS,original,0.8,True,0.02,0.7234651778309412,"[0.0, 0.2503662109375, 1.0, 0.2470703125, 0.0, 0.2493896484375, 1.0, 0.2529296875, 0.0, 0.2574462890625, 1.0, 0.2515869140625, 0.0, 0.2425537109375, 1.0, 0.2518310546875, 0.0, 0.2498779296875, 1.0, 0.26513671875]","[9, 11, 8, 10, 9, 11, 8, 10, 9, 11, 8, 10, 9, 11, 8, 10, 9, 11, 8, 10]"
34,HSGS,original,0.8,False,0.1,0.7234651778309412,"[1.0, 0.0, 1.0, 0.0, 1.0, 0.0, 1.0, 0.0, 1.0, 0.0, 1.0, 0.0, 1.0, 0.0, 1.0, 0.0, 1.0, 0.0, 1.0, 0.0]","[5, 6, 5, 6, 5, 6, 5, 6, 5, 6, 5, 6, 5, 6, 5, 6, 5, 6, 5, 6]"
35,HSGS,original,0.8,True,0.1,0.7234651778309412,"[1.0, 0.2528076171875, 0.0, 0.2496337890625, 1.0, 0.2581787109375, 0.0, 0.247802734375, 1.0, 0.25390625, 0.0, 0.249267578125, 1.0, 0.244140625, 0.0, 0.25048828125, 1.0, 0.247314453125, 0.0, 0.2471923828125]","[10, 12, 9, 11, 10, 12, 9, 11, 10, 12, 9, 11, 10, 12, 9, 11, 10, 12, 9, 11]"
36,HSGS,original,0.9,False,0.02,0.7234651778309412,"[1.0, 0.0, 1.0, 0.0, 1.0, 0.0, 1.0, 0.0, 1.0, 0.0, 1.0, 0.0, 1.0, 0.0, 1.0, 0.0, 1.0, 0.0, 1.0, 0.0]","[5, 6, 5, 6, 5, 6, 5, 6, 5, 6, 5, 6, 5, 6, 5, 6, 5, 6, 5, 6]"
37,HSGS,original,0.9,True,0.02,0.7234651778309412,"[0.0, 0.246826171875, 1.0, 0.2532958984375, 0.0, 0.244384765625, 1.0, 0.25048828125, 0.0, 0.256591796875, 1.0, 0.2506103515625, 0.0, 0.2503662109375, 1.0, 0.2486572265625, 0.0, 0.2528076171875, 1.0, 0.2529296875]","[9, 11, 8, 10, 9, 11, 8, 10, 9, 11, 8, 10, 9, 11, 8, 10, 9, 11, 8, 10]"
38,HSGS,original,0.9,False,0.1,0.7234651778309412,"[1.0, 0.0, 1.0, 0.0, 1.0, 0.0, 1.0, 0.0, 1.0, 0.0, 1.0, 0.0, 1.0, 0.0, 1.0, 0.0, 1.0, 0.0, 1.0, 0.0]","[5, 6, 5, 6, 5, 6, 5, 6, 5, 6, 5, 6, 5, 6, 5, 6, 5, 6, 5, 6]"
39,HSGS,original,0.9,True,0.1,0.7234651778309412,"[1.0, 0.248291015625, 0.0, 0.2520751953125, 1.0, 0.25, 0.0, 0.253173828125, 1.0, 0.255615234375, 0.0, 0.2559814453125, 1.0, 0.2545166015625, 0.0, 0.2509765625, 1.0, 0.2535400390625, 0.0, 0.247802734375]","[10, 12, 9, 11, 10, 12, 9, 11, 10, 12, 9, 11, 10, 12, 9, 11, 10, 12, 9, 11]"
0,phase-encoding,original,0.3,False,0.02,0.5384958704104337,"[0.7784423828125, 0.7755126953125, 0.77880859375, 0.7799072265625, 0.7822265625, 0.7796630859375, 0.7728271484375, 0.7777099609375, 0.7772216796875, 0.7705078125, 0.7701416015625, 0.7816162109375, 0.7762451171875, 0.77880859375, 0.7781982421875, 0.7733154296875, 0.7708740234375, 0.7777099609375, 0.771484375, 0.7803955078125]","[13, 13, 13, 13, 13, 13, 13, 13, 13, 13, 13, 13, 13, 13, 13, 13, 13, 13, 13, 13]"
1,phase-encoding,original,0.3,True,0.02,0.5384958704104337,"[0.767333984375, 0.774658203125, 0.76953125, 0.772216796875, 0.76904296875, 0.768798828125, 0.789794921875, 0.779052734375, 0.7772216796875, 0.7730712890625, 0.784912109375, 0.7703857421875, 0.7747802734375, 0.77783203125, 0.7725830078125, 0.7806396484375, 0.7728271484375, 0.7669677734375, 0.7681884765625, 0.77197265625]","[32, 32, 32, 32, 32, 32, 32, 32, 32, 32, 32, 32, 32, 32, 32, 32, 32, 32, 32, 32]"
2,phase-encoding,original,0.3,False,0.1,0.5384958704104337,"[0.77587890625, 0.77099609375, 0.7752685546875, 0.7724609375, 0.775390625, 0.7760009765625, 0.7757568359375, 0.7696533203125, 0.780517578125, 0.776123046875, 0.78076171875, 0.7696533203125, 0.776123046875, 0.77685546875, 0.771728515625, 0.7667236328125, 0.776123046875, 0.7838134765625, 0.780029296875, 0.7681884765625]","[13, 13, 13, 13, 13, 13, 13, 13, 13, 13, 13, 13, 13, 13, 13, 13, 13, 13, 13, 13]"
3,phase-encoding,original,0.3,True,0.1,0.5384958704104337,"[0.77783203125, 0.76416015625, 0.773193359375, 0.775390625, 0.7652587890625, 0.7689208984375, 0.7763671875, 0.7667236328125, 0.77783203125, 0.7777099609375, 0.7735595703125, 0.7799072265625, 0.7694091796875, 0.7763671875, 0.7730712890625, 0.78369140625, 0.773681640625, 0.7716064453125, 0.776611328125, 0.7801513671875]","[32, 32, 32, 32, 32, 32, 32, 32, 32, 32, 32, 32, 32, 32, 32, 32, 32, 32, 32, 32]"
4,phase-encoding,original,0.5,False,0.02,0.5384958704104337,"[0.78369140625, 0.773193359375, 0.77197265625, 0.779052734375, 0.77978515625, 0.77294921875, 0.7735595703125, 0.776123046875, 0.773193359375, 0.78125, 0.7808837890625, 0.7769775390625, 0.76904296875, 0.7762451171875, 0.77099609375, 0.766357421875, 0.7734375, 0.773193359375, 0.771484375, 0.769287109375]","[13, 13, 13, 13, 13, 13, 13, 13, 13, 13, 13, 13, 13, 13, 13, 13, 13, 13, 13, 13]"
5,phase-encoding,original,0.5,True,0.02,0.5384958704104337,"[0.776123046875, 0.767822265625, 0.7735595703125, 0.774658203125, 0.781982421875, 0.7789306640625, 0.7742919921875, 0.7789306640625, 0.7733154296875, 0.7744140625, 0.76904296875, 0.783447265625, 0.780029296875, 0.777099609375, 0.7757568359375, 0.7763671875, 0.777099609375, 0.766845703125, 0.780029296875, 0.77490234375]","[32, 32, 32, 32, 32, 32, 32, 32, 32, 32, 32, 32, 32, 32, 32, 32, 32, 32, 32, 32]"
6,phase-encoding,original,0.5,False,0.1,0.5384958704104337,"[0.7725830078125, 0.7740478515625, 0.7698974609375, 0.7679443359375, 0.7777099609375, 0.7767333984375, 0.7703857421875, 0.7694091796875, 0.77734375, 0.7764892578125, 0.7744140625, 0.7745361328125, 0.7711181640625, 0.7724609375, 0.7777099609375, 0.7760009765625, 0.77294921875, 0.775634765625, 0.772705078125, 0.77880859375]","[13, 13, 13, 13, 13, 13, 13, 13, 13, 13, 13, 13, 13, 13, 13, 13, 13, 13, 13, 13]"
7,phase-encoding,original,0.5,True,0.1,0.5384958704104337,"[0.777099609375, 0.7730712890625, 0.77490234375, 0.7760009765625, 0.777099609375, 0.7789306640625, 0.7667236328125, 0.769775390625, 0.774169921875, 0.7724609375, 0.776611328125, 0.7734375, 0.76953125, 0.77490234375, 0.7713623046875, 0.76220703125, 0.777587890625, 0.7764892578125, 0.7705078125, 0.776123046875]","[32, 32, 32, 32, 32, 32, 32, 32, 32, 32, 32, 32, 32, 32, 32, 32, 32, 32, 32, 32]"
8,phase-encoding,original,0.7,False,0.02,0.5384958704104337,"[0.776123046875, 0.770751953125, 0.770751953125, 0.7720947265625, 0.76513671875, 0.7703857421875, 0.7744140625, 0.7696533203125, 0.772216796875, 0.7703857421875, 0.773193359375, 0.777587890625, 0.772705078125, 0.7742919921875, 0.77783203125, 0.773681640625, 0.7808837890625, 0.7711181640625, 0.775634765625, 0.7728271484375]","[13, 13, 13, 13, 13, 13, 13, 13, 13, 13, 13, 13, 13, 13, 13, 13, 13, 13, 13, 13]"
9,phase-encoding,original,0.7,True,0.02,0.5384958704104337,"[0.7740478515625, 0.7747802734375, 0.77001953125, 0.7752685546875, 0.7757568359375, 0.7696533203125, 0.775146484375, 0.778076171875, 0.7818603515625, 0.778076171875, 0.7708740234375, 0.76904296875, 0.7801513671875, 0.77197265625, 0.7816162109375, 0.769775390625, 0.7747802734375, 0.7744140625, 0.774169921875, 0.7716064453125]","[32, 32, 32, 32, 32, 32, 32, 32, 32, 32, 32, 32, 32, 32, 32, 32, 32, 32, 32, 32]"
10,phase-encoding,original,0.7,False,0.1,0.5384958704104337,"[0.773193359375, 0.775634765625, 0.7781982421875, 0.7772216796875, 0.7725830078125, 0.7635498046875, 0.7757568359375, 0.77880859375, 0.776611328125, 0.7791748046875, 0.7774658203125, 0.7801513671875, 0.7779541015625, 0.771484375, 0.772216796875, 0.7698974609375, 0.7786865234375, 0.7811279296875, 0.7745361328125, 0.7750244140625]","[13, 13, 13, 13, 13, 13, 13, 13, 13, 13, 13, 13, 13, 13, 13, 13, 13, 13, 13, 13]"
11,phase-encoding,original,0.7,True,0.1,0.5384958704104337,"[0.7744140625, 0.771728515625, 0.769287109375, 0.7784423828125, 0.7762451171875, 0.7757568359375, 0.77197265625, 0.7791748046875, 0.7794189453125, 0.7728271484375, 0.7730712890625, 0.7740478515625, 0.7779541015625, 0.772216796875, 0.7705078125, 0.7767333984375, 0.7796630859375, 0.7801513671875, 0.783447265625, 0.776123046875]","[32, 32, 32, 32, 32, 32, 32, 32, 32, 32, 32, 32, 32, 32, 32, 32, 32, 32, 32, 32]"
12,phase-encoding,original,0.8,False,0.02,0.5384958704104337,"[0.7747802734375, 0.7733154296875, 0.7720947265625, 0.772216796875, 0.7757568359375, 0.773681640625, 0.775390625, 0.775146484375, 0.7684326171875, 0.771484375, 0.7730712890625, 0.7818603515625, 0.77490234375, 0.7728271484375, 0.7733154296875, 0.775390625, 0.7755126953125, 0.770751953125, 0.7708740234375, 0.77197265625]","[13, 13, 13, 13, 13, 13, 13, 13, 13, 13, 13, 13, 13, 13, 13, 13, 13, 13, 13, 13]"
13,phase-encoding,original,0.8,True,0.02,0.5384958704104337,"[0.76171875, 0.769287109375, 0.7742919921875, 0.7705078125, 0.7720947265625, 0.776123046875, 0.7740478515625, 0.7703857421875, 0.775146484375, 0.7666015625, 0.7774658203125, 0.7806396484375, 0.7786865234375, 0.7711181640625, 0.7781982421875, 0.779052734375, 0.7755126953125, 0.77392578125, 0.770751953125, 0.77001953125]","[32, 32, 32, 32, 32, 32, 32, 32, 32, 32, 32, 32, 32, 32, 32, 32, 32, 32, 32, 32]"
14,phase-encoding,original,0.8,False,0.1,0.5384958704104337,"[0.7806396484375, 0.7742919921875, 0.7666015625, 0.7752685546875, 0.7740478515625, 0.7786865234375, 0.771240234375, 0.7730712890625, 0.769775390625, 0.7744140625, 0.7822265625, 0.7764892578125, 0.7677001953125, 0.7696533203125, 0.7794189453125, 0.7762451171875, 0.77783203125, 0.775390625, 0.7705078125, 0.777099609375]","[13, 13, 13, 13, 13, 13, 13, 13, 13, 13, 13, 13, 13, 13, 13, 13, 13, 13, 13, 13]"
15,phase-encoding,original,0.8,True,0.1,0.5384958704104337,"[0.7723388671875, 0.766845703125, 0.7781982421875, 0.779296875, 0.78173828125, 0.7733154296875, 0.78173828125, 0.7747802734375, 0.7772216796875, 0.7783203125, 0.7752685546875, 0.7806396484375, 0.7755126953125, 0.7769775390625, 0.7801513671875, 0.7696533203125, 0.777099609375, 0.7763671875, 0.7838134765625, 0.77880859375]","[32, 32, 32, 32, 32, 32, 32, 32, 32, 32, 32, 32, 32, 32, 32, 32, 32, 32, 32, 32]"
16,phase-encoding,original,0.9,False,0.02,0.5384958704104337,"[0.7755126953125, 0.7734375, 0.7825927734375, 0.772705078125, 0.7781982421875, 0.7669677734375, 0.77490234375, 0.7744140625, 0.778076171875, 0.7744140625, 0.7755126953125, 0.77099609375, 0.7781982421875, 0.775146484375, 0.76904296875, 0.7821044921875, 0.78173828125, 0.7674560546875, 0.78076171875, 0.7808837890625]","[13, 13, 13, 13, 13, 13, 13, 13, 13, 13, 13, 13, 13, 13, 13, 13, 13, 13, 13, 13]"
17,phase-encoding,original,0.9,True,0.02,0.5384958704104337,"[0.7764892578125, 0.7791748046875, 0.7750244140625, 0.7689208984375, 0.7666015625, 0.778076171875, 0.782958984375, 0.77294921875, 0.771728515625, 0.775146484375, 0.7672119140625, 0.7642822265625, 0.7762451171875, 0.7716064453125, 0.7723388671875, 0.7723388671875, 0.7740478515625, 0.7662353515625, 0.7803955078125, 0.777587890625]","[32, 32, 32, 32, 32, 32, 32, 32, 32, 32, 32, 32, 32, 32, 32, 32, 32, 32, 32, 32]"
18,phase-encoding,original,0.9,False,0.1,0.5384958704104337,"[0.77490234375, 0.768798828125, 0.7698974609375, 0.771728515625, 0.7686767578125, 0.7686767578125, 0.7724609375, 0.774169921875, 0.77392578125, 0.7799072265625, 0.777099609375, 0.7796630859375, 0.775390625, 0.7730712890625, 0.7744140625, 0.7818603515625, 0.7755126953125, 0.7802734375, 0.773193359375, 0.77490234375]","[13, 13, 13, 13, 13, 13, 13, 13, 13, 13, 13, 13, 13, 13, 13, 13, 13, 13, 13, 13]"
19,phase-encoding,original,0.9,True,0.1,0.5384958704104337,"[0.77880859375, 0.7745361328125, 0.7734375, 0.7674560546875, 0.7667236328125, 0.7735595703125, 0.784423828125, 0.781494140625, 0.770751953125, 0.767822265625, 0.7706298828125, 0.7760009765625, 0.78271484375, 0.7696533203125, 0.7691650390625, 0.7725830078125, 0.7774658203125, 0.7681884765625, 0.76904296875, 0.77880859375]","[32, 32, 32, 32, 32, 32, 32, 32, 32, 32, 32, 32, 32, 32, 32, 32, 32, 32, 32, 32]"
20,phase-encoding,angle,0.3,False,0.02,0.5384958704104337,"[0.87255859375, 0.0177001953125, 0.26611328125, 0.259521484375, 0.8739013671875, 0.019287109375, 0.257080078125, 0.2677001953125, 0.866943359375, 0.0211181640625, 0.256591796875, 0.2554931640625, 0.872802734375, 0.019775390625, 0.260498046875, 0.24560546875, 0.8697509765625, 0.021728515625, 0.2530517578125, 0.25439453125]","[14, 14, 14, 14, 14, 14, 14, 14, 14, 14, 14, 14, 14, 14, 14, 14, 14, 14, 14, 14]"
21,phase-encoding,angle,0.3,True,0.02,0.5384958704104337,"[0.4141845703125, 0.9595947265625, 0.415771484375, 0.96142578125, 0.41015625, 0.961669921875, 0.4114990234375, 0.9635009765625, 0.410400390625, 0.9591064453125, 0.411376953125, 0.95849609375, 0.417236328125, 0.9561767578125, 0.41259765625, 0.95947265625, 0.4112548828125, 0.9576416015625, 0.4073486328125, 0.9622802734375]","[32, 32, 32, 32, 32, 32, 32, 32, 32, 32, 32, 32, 32, 32, 32, 32, 32, 32, 32, 32]"
22,phase-encoding,angle,0.3,False,0.1,0.5384958704104337,"[0.8582763671875, 0.027587890625, 0.2362060546875, 0.236328125, 0.8519287109375, 0.0267333984375, 0.224853515625, 0.238037109375, 0.85791015625, 0.031494140625, 0.2315673828125, 0.2318115234375, 0.8502197265625, 0.03125, 0.239990234375, 0.231201171875, 0.856689453125, 0.03076171875, 0.2269287109375, 0.23681640625]","[14, 14, 14, 14, 14, 14, 14, 14, 14, 14, 14, 14, 14, 14, 14, 14, 14, 14, 14, 14]"
23,phase-encoding,angle,0.3,True,0.1,0.5384958704104337,"[0.934814453125, 0.837158203125, 0.935546875, 0.8370361328125, 0.937255859375, 0.839111328125, 0.934326171875, 0.8349609375, 0.930908203125, 0.8419189453125, 0.9322509765625, 0.8494873046875, 0.9337158203125, 0.832763671875, 0.935546875, 0.8455810546875, 0.93212890625, 0.8372802734375, 0.933837890625, 0.8363037109375]","[32, 32, 32, 32, 32, 32, 32, 32, 32, 32, 32, 32, 32, 32, 32, 32, 32, 32, 32, 32]"
24,phase-encoding,angle,0.5,False,0.02,0.5384958704104337,"[0.9881591796875, 0.010498046875, 0.4906005859375, 0.496826171875, 0.986083984375, 0.014404296875, 0.4874267578125, 0.49462890625, 0.986083984375, 0.012451171875, 0.4892578125, 0.48876953125, 0.986328125, 0.01123046875, 0.49755859375, 0.4912109375, 0.98876953125, 0.0126953125, 0.5030517578125, 0.488037109375]","[14, 14, 14, 14, 14, 14, 14, 14, 14, 14, 14, 14, 14, 14, 14, 14, 14, 14, 14, 14]"
25,phase-encoding,angle,0.5,True,0.02,0.5384958704104337,"[0.6009521484375, 0.9998779296875, 0.5958251953125, 0.999755859375, 0.5953369140625, 0.999755859375, 0.5997314453125, 0.9998779296875, 0.5968017578125, 0.9998779296875, 0.598876953125, 0.99951171875, 0.5965576171875, 0.99951171875, 0.592529296875, 0.999755859375, 0.6002197265625, 0.999755859375, 0.5909423828125, 0.9996337890625]","[32, 32, 32, 32, 32, 32, 32, 32, 32, 32, 32, 32, 32, 32, 32, 32, 32, 32, 32, 32]"
26,phase-encoding,angle,0.5,False,0.1,0.5384958704104337,"[0.8511962890625, 0.0252685546875, 0.2305908203125, 0.235595703125, 0.8572998046875, 0.0289306640625, 0.2371826171875, 0.2337646484375, 0.8521728515625, 0.029541015625, 0.2420654296875, 0.232666015625, 0.8515625, 0.0262451171875, 0.235595703125, 0.2320556640625, 0.8568115234375, 0.0289306640625, 0.2379150390625, 0.2398681640625]","[14, 14, 14, 14, 14, 14, 14, 14, 14, 14, 14, 14, 14, 14, 14, 14, 14, 14, 14, 14]"
27,phase-encoding,angle,0.5,True,0.1,0.5384958704104337,"[0.999267578125, 0.6324462890625, 0.999267578125, 0.639892578125, 0.9989013671875, 0.6314697265625, 0.9986572265625, 0.63232421875, 0.999755859375, 0.6429443359375, 0.9990234375, 0.64013671875, 0.9996337890625, 0.6297607421875, 0.9989013671875, 0.6436767578125, 0.9991455078125, 0.6387939453125, 0.9990234375, 0.638671875]","[32, 32, 32, 32, 32, 32, 32, 32, 32, 32, 32, 32, 32, 32, 32, 32, 32, 32, 32, 32]"
28,phase-encoding,angle,0.7,False,0.02,0.5384958704104337,"[0.99853515625, 0.0634765625, 0.6456298828125, 0.6397705078125, 0.999267578125, 0.0577392578125, 0.6395263671875, 0.6414794921875, 0.998779296875, 0.059326171875, 0.644287109375, 0.6395263671875, 0.9990234375, 0.06396484375, 0.639404296875, 0.641357421875, 0.998779296875, 0.059326171875, 0.6439208984375, 0.64013671875]","[14, 14, 14, 14, 14, 14, 14, 14, 14, 14, 14, 14, 14, 14, 14, 14, 14, 14, 14, 14]"
29,phase-encoding,angle,0.7,True,0.02,0.5384958704104337,"[0.7991943359375, 0.9583740234375, 0.8079833984375, 0.951416015625, 0.79931640625, 0.9559326171875, 0.8082275390625, 0.95361328125, 0.8035888671875, 0.9542236328125, 0.8045654296875, 0.957275390625, 0.8045654296875, 0.951904296875, 0.7945556640625, 0.95361328125, 0.799072265625, 0.9552001953125, 0.8017578125, 0.9598388671875]","[32, 32, 32, 32, 32, 32, 32, 32, 32, 32, 32, 32, 32, 32, 32, 32, 32, 32, 32, 32]"
30,phase-encoding,angle,0.7,False,0.1,0.5384958704104337,"[0.9967041015625, 0.0743408203125, 0.6651611328125, 0.656494140625, 0.9971923828125, 0.0738525390625, 0.66357421875, 0.6636962890625, 0.997314453125, 0.0770263671875, 0.659912109375, 0.6585693359375, 0.9971923828125, 0.0745849609375, 0.673095703125, 0.6678466796875, 0.9970703125, 0.06494140625, 0.6640625, 0.662841796875]","[14, 14, 14, 14, 14, 14, 14, 14, 14, 14, 14, 14, 14, 14, 14, 14, 14, 14, 14, 14]"
31,phase-encoding,angle,0.7,True,0.1,0.5384958704104337,"[0.9945068359375, 0.6854248046875, 0.9949951171875, 0.68310546875, 0.9942626953125, 0.6815185546875, 0.994873046875, 0.6815185546875, 0.99609375, 0.6788330078125, 0.995849609375, 0.681884765625, 0.9951171875, 0.6776123046875, 0.9940185546875, 0.681884765625, 0.9937744140625, 0.68017578125, 0.99560546875, 0.6795654296875]","[32, 32, 32, 32, 32, 32, 32, 32, 32, 32, 32, 32, 32, 32, 32, 32, 32, 32, 32, 32]"
32,phase-encoding,angle,0.8,False,0.02,0.5384958704104337,"[0.954833984375, 0.1732177734375, 0.801025390625, 0.7943115234375, 0.9566650390625, 0.177734375, 0.800537109375, 0.8040771484375, 0.95751953125, 0.1724853515625, 0.8023681640625, 0.8017578125, 0.9588623046875, 0.1810302734375, 0.794921875, 0.8018798828125, 0.9608154296875, 0.1676025390625, 0.7999267578125, 0.7904052734375]","[14, 14, 14, 14, 14, 14, 14, 14, 14, 14, 14, 14, 14, 14, 14, 14, 14, 14, 14, 14]"
33,phase-encoding,angle,0.8,True,0.02,0.5384958704104337,"[0.8681640625, 0.9111328125, 0.8685302734375, 0.9114990234375, 0.8623046875, 0.9071044921875, 0.872802734375, 0.9063720703125, 0.85693359375, 0.914794921875, 0.866943359375, 0.9149169921875, 0.869140625, 0.9129638671875, 0.87548828125, 0.912109375, 0.8602294921875, 0.91015625, 0.866943359375, 0.9100341796875]","[32, 32, 32, 32, 32, 32, 32, 32, 32, 32, 32, 32, 32, 32, 32, 32, 32, 32, 32, 32]"
34,phase-encoding,angle,0.8,False,0.1,0.5384958704104337,"[0.9971923828125, 0.06787109375, 0.6610107421875, 0.6602783203125, 0.9971923828125, 0.0748291015625, 0.654541015625, 0.654541015625, 0.9979248046875, 0.07275390625, 0.6624755859375, 0.666015625, 0.9969482421875, 0.077392578125, 0.6590576171875, 0.6585693359375, 0.996826171875, 0.0789794921875, 0.6663818359375, 0.6495361328125]","[14, 14, 14, 14, 14, 14, 14, 14, 14, 14, 14, 14, 14, 14, 14, 14, 14, 14, 14, 14]"
35,phase-encoding,angle,0.8,True,0.1,0.5384958704104337,"[0.9598388671875, 0.785888671875, 0.9625244140625, 0.7891845703125, 0.9627685546875, 0.7855224609375, 0.9638671875, 0.7861328125, 0.961669921875, 0.7891845703125, 0.959228515625, 0.7838134765625, 0.9605712890625, 0.7939453125, 0.96044921875, 0.7833251953125, 0.961669921875, 0.7930908203125, 0.962158203125, 0.789794921875]","[32, 32, 32, 32, 32, 32, 32, 32, 32, 32, 32, 32, 32, 32, 32, 32, 32, 32, 32, 32]"
36,phase-encoding,angle,0.9,False,0.02,0.5384958704104337,"[0.9224853515625, 0.240478515625, 0.859375, 0.857666015625, 0.921630859375, 0.2425537109375, 0.8580322265625, 0.8602294921875, 0.9195556640625, 0.2349853515625, 0.8583984375, 0.8531494140625, 0.919921875, 0.2388916015625, 0.8514404296875, 0.8626708984375, 0.91845703125, 0.2457275390625, 0.8568115234375, 0.855224609375]","[14, 14, 14, 14, 14, 14, 14, 14, 14, 14, 14, 14, 14, 14, 14, 14, 14, 14, 14, 14]"
37,phase-encoding,angle,0.9,True,0.02,0.5384958704104337,"[0.909912109375, 0.8704833984375, 0.9130859375, 0.8707275390625, 0.907470703125, 0.8662109375, 0.9107666015625, 0.8714599609375, 0.912353515625, 0.866455078125, 0.9049072265625, 0.8731689453125, 0.9122314453125, 0.8717041015625, 0.9090576171875, 0.86328125, 0.9111328125, 0.8714599609375, 0.9111328125, 0.858154296875]","[32, 32, 32, 32, 32, 32, 32, 32, 32, 32, 32, 32, 32, 32, 32, 32, 32, 32, 32, 32]"
38,phase-encoding,angle,0.9,False,0.1,0.5384958704104337,"[0.9757080078125, 0.129150390625, 0.74609375, 0.74951171875, 0.9761962890625, 0.13134765625, 0.7550048828125, 0.7540283203125, 0.9769287109375, 0.1368408203125, 0.74951171875, 0.7564697265625, 0.9774169921875, 0.136474609375, 0.747802734375, 0.7569580078125, 0.9786376953125, 0.136962890625, 0.7528076171875, 0.7501220703125]","[14, 14, 14, 14, 14, 14, 14, 14, 14, 14, 14, 14, 14, 14, 14, 14, 14, 14, 14, 14]"
39,phase-encoding,angle,0.9,True,0.1,0.5384958704104337,"[0.9879150390625, 0.7247314453125, 0.9879150390625, 0.7255859375, 0.98681640625, 0.7208251953125, 0.9871826171875, 0.72021484375, 0.986572265625, 0.7130126953125, 0.9879150390625, 0.721923828125, 0.9873046875, 0.7154541015625, 0.9891357421875, 0.7159423828125, 0.98876953125, 0.7166748046875, 0.9852294921875, 0.7119140625]","[32, 32, 32, 32, 32, 32, 32, 32, 32, 32, 32, 32, 32, 32, 32, 32, 32, 32, 32, 32]"
40,phase-encoding,radius,0.3,False,0.02,0.5384958704104337,"[0.5440673828125, 0.0252685546875, 0.0277099609375, 0.5433349609375, 0.5377197265625, 0.0235595703125, 0.0247802734375, 0.5438232421875, 0.556396484375, 0.022216796875, 0.0233154296875, 0.550048828125, 0.5457763671875, 0.0247802734375, 0.025146484375, 0.5439453125, 0.53564453125, 0.02294921875, 0.0245361328125, 0.5496826171875]","[14, 14, 14, 14, 14, 14, 14, 14, 14, 14, 14, 14, 14, 14, 14, 14, 14, 14, 14, 14]"
41,phase-encoding,radius,0.3,True,0.02,0.5384958704104337,"[0.266357421875, 0.253173828125, 0.259033203125, 0.2608642578125, 0.2579345703125, 0.263427734375, 0.2537841796875, 0.256103515625, 0.2510986328125, 0.256103515625, 0.2591552734375, 0.2646484375, 0.2559814453125, 0.2529296875, 0.256103515625, 0.2620849609375, 0.2559814453125, 0.2506103515625, 0.2593994140625, 0.2540283203125]","[32, 32, 32, 32, 32, 32, 32, 32, 32, 32, 32, 32, 32, 32, 32, 32, 32, 32, 32, 32]"
42,phase-encoding,radius,0.3,False,0.1,0.5384958704104337,"[0.538818359375, 0.0244140625, 0.024169921875, 0.5423583984375, 0.5531005859375, 0.02587890625, 0.0234375, 0.5457763671875, 0.5594482421875, 0.0242919921875, 0.025390625, 0.5482177734375, 0.5423583984375, 0.023681640625, 0.0234375, 0.5394287109375, 0.5477294921875, 0.0269775390625, 0.0247802734375, 0.5428466796875]","[14, 14, 14, 14, 14, 14, 14, 14, 14, 14, 14, 14, 14, 14, 14, 14, 14, 14, 14, 14]"
43,phase-encoding,radius,0.3,True,0.1,0.5384958704104337,"[0.21044921875, 0.2176513671875, 0.219970703125, 0.2147216796875, 0.218017578125, 0.216064453125, 0.2181396484375, 0.222900390625, 0.2159423828125, 0.2196044921875, 0.2203369140625, 0.2247314453125, 0.219970703125, 0.215087890625, 0.2291259765625, 0.2137451171875, 0.216552734375, 0.2135009765625, 0.219482421875, 0.228515625]","[32, 32, 32, 32, 32, 32, 32, 32, 32, 32, 32, 32, 32, 32, 32, 32, 32, 32, 32, 32]"
44,phase-encoding,radius,0.5,False,0.02,0.5384958704104337,"[0.5377197265625, 0.0238037109375, 0.022705078125, 0.5435791015625, 0.5496826171875, 0.0260009765625, 0.0250244140625, 0.543701171875, 0.549560546875, 0.0247802734375, 0.0252685546875, 0.547607421875, 0.5484619140625, 0.02587890625, 0.0235595703125, 0.5562744140625, 0.553955078125, 0.0252685546875, 0.02587890625, 0.5400390625]","[14, 14, 14, 14, 14, 14, 14, 14, 14, 14, 14, 14, 14, 14, 14, 14, 14, 14, 14, 14]"
45,phase-encoding,radius,0.5,True,0.02,0.5384958704104337,"[0.4708251953125, 0.480224609375, 0.4781494140625, 0.470947265625, 0.474609375, 0.4783935546875, 0.472900390625, 0.487548828125, 0.48974609375, 0.4853515625, 0.4825439453125, 0.4769287109375, 0.476806640625, 0.47998046875, 0.4822998046875, 0.48583984375, 0.4757080078125, 0.486572265625, 0.47900390625, 0.4752197265625]","[32, 32, 32, 32, 32, 32, 32, 32, 32, 32, 32, 32, 32, 32, 32, 32, 32, 32, 32, 32]"
46,phase-encoding,radius,0.5,False,0.1,0.5384958704104337,"[0.546875, 0.02197265625, 0.0235595703125, 0.5452880859375, 0.5406494140625, 0.0225830078125, 0.0216064453125, 0.549072265625, 0.5426025390625, 0.0255126953125, 0.025634765625, 0.55126953125, 0.547119140625, 0.0238037109375, 0.0250244140625, 0.5556640625, 0.5399169921875, 0.02294921875, 0.0235595703125, 0.5546875]","[14, 14, 14, 14, 14, 14, 14, 14, 14, 14, 14, 14, 14, 14, 14, 14, 14, 14, 14, 14]"
47,phase-encoding,radius,0.5,True,0.1,0.5384958704104337,"[0.4246826171875, 0.43359375, 0.4312744140625, 0.432373046875, 0.436279296875, 0.423828125, 0.43505859375, 0.4356689453125, 0.4305419921875, 0.4208984375, 0.431640625, 0.436767578125, 0.4180908203125, 0.4307861328125, 0.4315185546875, 0.4263916015625, 0.429931640625, 0.4329833984375, 0.43310546875, 0.4295654296875]","[32, 32, 32, 32, 32, 32, 32, 32, 32, 32, 32, 32, 32, 32, 32, 32, 32, 32, 32, 32]"
48,phase-encoding,radius,0.7,False,0.02,0.5384958704104337,"[0.55615234375, 0.0267333984375, 0.0235595703125, 0.548828125, 0.5447998046875, 0.026611328125, 0.0223388671875, 0.5491943359375, 0.5426025390625, 0.026123046875, 0.0257568359375, 0.5523681640625, 0.5472412109375, 0.0242919921875, 0.026611328125, 0.541748046875, 0.5430908203125, 0.027099609375, 0.02392578125, 0.54931640625]","[14, 14, 14, 14, 14, 14, 14, 14, 14, 14, 14, 14, 14, 14, 14, 14, 14, 14, 14, 14]"
49,phase-encoding,radius,0.7,True,0.02,0.5384958704104337,"[0.662353515625, 0.65771484375, 0.6583251953125, 0.6591796875, 0.6656494140625, 0.66357421875, 0.6610107421875, 0.65576171875, 0.66064453125, 0.658447265625, 0.6612548828125, 0.655517578125, 0.6629638671875, 0.6739501953125, 0.6651611328125, 0.6572265625, 0.660888671875, 0.6610107421875, 0.6630859375, 0.6513671875]","[32, 32, 32, 32, 32, 32, 32, 32, 32, 32, 32, 32, 32, 32, 32, 32, 32, 32, 32, 32]"
50,phase-encoding,radius,0.7,False,0.1,0.5384958704104337,"[0.5467529296875, 0.023193359375, 0.02685546875, 0.544921875, 0.55078125, 0.0198974609375, 0.0264892578125, 0.545654296875, 0.5447998046875, 0.026611328125, 0.023193359375, 0.5430908203125, 0.549072265625, 0.0224609375, 0.02490234375, 0.5384521484375, 0.55419921875, 0.0244140625, 0.02587890625, 0.5391845703125]","[14, 14, 14, 14, 14, 14, 14, 14, 14, 14, 14, 14, 14, 14, 14, 14, 14, 14, 14, 14]"
51,phase-encoding,radius,0.7,True,0.1,0.5384958704104337,"[0.665283203125, 0.6575927734375, 0.651123046875, 0.666015625, 0.6617431640625, 0.6600341796875, 0.6607666015625, 0.656005859375, 0.6591796875, 0.65185546875, 0.6552734375, 0.650390625, 0.664306640625, 0.6529541015625, 0.6580810546875, 0.66162109375, 0.666748046875, 0.67919921875, 0.6639404296875, 0.653564453125]","[32, 32, 32, 32, 32, 32, 32, 32, 32, 32, 32, 32, 32, 32, 32, 32, 32, 32, 32, 32]"
52,phase-encoding,radius,0.8,False,0.02,0.5384958704104337,"[0.54736328125, 0.0267333984375, 0.02392578125, 0.55322265625, 0.5521240234375, 0.02392578125, 0.02685546875, 0.5413818359375, 0.54638671875, 0.0233154296875, 0.0238037109375, 0.5455322265625, 0.54833984375, 0.0247802734375, 0.02734375, 0.5447998046875, 0.5511474609375, 0.02490234375, 0.024658203125, 0.5413818359375]","[14, 14, 14, 14, 14, 14, 14, 14, 14, 14, 14, 14, 14, 14, 14, 14, 14, 14, 14, 14]"
53,phase-encoding,radius,0.8,True,0.02,0.5384958704104337,"[0.791748046875, 0.7835693359375, 0.777099609375, 0.7882080078125, 0.783203125, 0.77783203125, 0.7852783203125, 0.7830810546875, 0.781005859375, 0.7891845703125, 0.78125, 0.7891845703125, 0.7923583984375, 0.7843017578125, 0.7828369140625, 0.7869873046875, 0.7755126953125, 0.782958984375, 0.78662109375, 0.7822265625]","[32, 32, 32, 32, 32, 32, 32, 32, 32, 32, 32, 32, 32, 32, 32, 32, 32, 32, 32, 32]"
54,phase-encoding,radius,0.8,False,0.1,0.5384958704104337,"[0.5406494140625, 0.023681640625, 0.0262451171875, 0.5435791015625, 0.548095703125, 0.025634765625, 0.0257568359375, 0.550537109375, 0.540771484375, 0.0242919921875, 0.0224609375, 0.5528564453125, 0.5439453125, 0.0286865234375, 0.0230712890625, 0.544189453125, 0.554931640625, 0.02490234375, 0.02392578125, 0.54345703125]","[14, 14, 14, 14, 14, 14, 14, 14, 14, 14, 14, 14, 14, 14, 14, 14, 14, 14, 14, 14]"
55,phase-encoding,radius,0.8,True,0.1,0.5384958704104337,"[0.65576171875, 0.666015625, 0.6533203125, 0.6644287109375, 0.66552734375, 0.6656494140625, 0.66552734375, 0.662109375, 0.655517578125, 0.6663818359375, 0.6572265625, 0.6741943359375, 0.6588134765625, 0.661865234375, 0.6602783203125, 0.659423828125, 0.661376953125, 0.659423828125, 0.6605224609375, 0.6593017578125]","[32, 32, 32, 32, 32, 32, 32, 32, 32, 32, 32, 32, 32, 32, 32, 32, 32, 32, 32, 32]"
56,phase-encoding,radius,0.9,False,0.02,0.5384958704104337,"[0.5413818359375, 0.022216796875, 0.02392578125, 0.548828125, 0.547607421875, 0.0225830078125, 0.0223388671875, 0.5452880859375, 0.5484619140625, 0.02490234375, 0.0296630859375, 0.5419921875, 0.54248046875, 0.0257568359375, 0.0250244140625, 0.5469970703125, 0.5491943359375, 0.0234375, 0.0230712890625, 0.5380859375]","[14, 14, 14, 14, 14, 14, 14, 14, 14, 14, 14, 14, 14, 14, 14, 14, 14, 14, 14, 14]"
57,phase-encoding,radius,0.9,True,0.02,0.5384958704104337,"[0.888916015625, 0.8885498046875, 0.8853759765625, 0.8836669921875, 0.8875732421875, 0.885986328125, 0.8779296875, 0.8895263671875, 0.8875732421875, 0.8798828125, 0.8878173828125, 0.8834228515625, 0.8848876953125, 0.88818359375, 0.884521484375, 0.884765625, 0.879150390625, 0.888671875, 0.89013671875, 0.8900146484375]","[32, 32, 32, 32, 32, 32, 32, 32, 32, 32, 32, 32, 32, 32, 32, 32, 32, 32, 32, 32]"
58,phase-encoding,radius,0.9,False,0.1,0.5384958704104337,"[0.552490234375, 0.0255126953125, 0.0260009765625, 0.5478515625, 0.547607421875, 0.0262451171875, 0.0240478515625, 0.5452880859375, 0.53759765625, 0.02099609375, 0.0252685546875, 0.5557861328125, 0.548095703125, 0.0218505859375, 0.026123046875, 0.537841796875, 0.5501708984375, 0.025390625, 0.0228271484375, 0.541015625]","[14, 14, 14, 14, 14, 14, 14, 14, 14, 14, 14, 14, 14, 14, 14, 14, 14, 14, 14, 14]"
59,phase-encoding,radius,0.9,True,0.1,0.5384958704104337,"[0.86083984375, 0.8514404296875, 0.8563232421875, 0.85888671875, 0.8519287109375, 0.857421875, 0.8577880859375, 0.8597412109375, 0.858154296875, 0.85595703125, 0.854248046875, 0.85498046875, 0.854736328125, 0.85107421875, 0.8544921875, 0.8533935546875, 0.8626708984375, 0.859130859375, 0.8555908203125, 0.8499755859375]","[32, 32, 32, 32, 32, 32, 32, 32, 32, 32, 32, 32, 32, 32, 32, 32, 32, 32, 32, 32]"
60,phase-encoding,angleradius,0.3,False,0.02,0.5384958704104337,"[0.2391357421875, 0.23681640625, 0.8582763671875, 0.02685546875, 0.2318115234375, 0.23779296875, 0.8594970703125, 0.0224609375, 0.2425537109375, 0.2373046875, 0.8621826171875, 0.0228271484375, 0.2364501953125, 0.2437744140625, 0.85693359375, 0.0269775390625, 0.2392578125, 0.239013671875, 0.86767578125, 0.0279541015625]","[32, 32, 32, 32, 32, 32, 32, 32, 32, 32, 32, 32, 32, 32, 32, 32, 32, 32, 32, 32]"
61,phase-encoding,angleradius,0.3,True,0.02,0.5384958704104337,"[0.89794921875, 0.2930908203125, 0.8961181640625, 0.289306640625, 0.90283203125, 0.2877197265625, 0.8997802734375, 0.2947998046875, 0.8919677734375, 0.2939453125, 0.898193359375, 0.2945556640625, 0.896240234375, 0.2896728515625, 0.8963623046875, 0.29541015625, 0.889892578125, 0.291015625, 0.893798828125, 0.283203125]","[44, 44, 44, 44, 44, 44, 44, 44, 44, 44, 44, 44, 44, 44, 44, 44, 44, 44, 44, 44]"
62,phase-encoding,angleradius,0.3,False,0.1,0.5384958704104337,"[0.270263671875, 0.26708984375, 0.8824462890625, 0.0135498046875, 0.2728271484375, 0.27880859375, 0.88525390625, 0.0147705078125, 0.268798828125, 0.2764892578125, 0.8841552734375, 0.014404296875, 0.277587890625, 0.276123046875, 0.8800048828125, 0.0133056640625, 0.27734375, 0.27001953125, 0.876953125, 0.014892578125]","[32, 32, 32, 32, 32, 32, 32, 32, 32, 32, 32, 32, 32, 32, 32, 32, 32, 32, 32, 32]"
63,phase-encoding,angleradius,0.3,True,0.1,0.5384958704104337,"[0.901611328125, 0.2891845703125, 0.8948974609375, 0.288330078125, 0.898193359375, 0.295166015625, 0.892333984375, 0.295654296875, 0.9039306640625, 0.2864990234375, 0.8944091796875, 0.2938232421875, 0.896484375, 0.289794921875, 0.8934326171875, 0.29248046875, 0.8963623046875, 0.2921142578125, 0.89404296875, 0.28955078125]","[44, 44, 44, 44, 44, 44, 44, 44, 44, 44, 44, 44, 44, 44, 44, 44, 44, 44, 44, 44]"
64,phase-encoding,angleradius,0.5,False,0.02,0.5384958704104337,"[0.4677734375, 0.459716796875, 0.9761962890625, 0.004638671875, 0.4674072265625, 0.4637451171875, 0.9793701171875, 0.0057373046875, 0.459228515625, 0.468505859375, 0.978271484375, 0.0050048828125, 0.45361328125, 0.458984375, 0.974609375, 0.0059814453125, 0.4647216796875, 0.46142578125, 0.9818115234375, 0.005859375]","[32, 32, 32, 32, 32, 32, 32, 32, 32, 32, 32, 32, 32, 32, 32, 32, 32, 32, 32, 32]"
65,phase-encoding,angleradius,0.5,True,0.02,0.5384958704104337,"[0.8956298828125, 0.2845458984375, 0.89501953125, 0.2943115234375, 0.89697265625, 0.2900390625, 0.892822265625, 0.29345703125, 0.897216796875, 0.2991943359375, 0.890869140625, 0.2908935546875, 0.8919677734375, 0.2879638671875, 0.89453125, 0.285400390625, 0.897705078125, 0.290771484375, 0.890380859375, 0.2943115234375]","[44, 44, 44, 44, 44, 44, 44, 44, 44, 44, 44, 44, 44, 44, 44, 44, 44, 44, 44, 44]"
66,phase-encoding,angleradius,0.5,False,0.1,0.5384958704104337,"[0.23291015625, 0.23046875, 0.85205078125, 0.0299072265625, 0.2261962890625, 0.228759765625, 0.845703125, 0.029541015625, 0.2294921875, 0.231689453125, 0.849853515625, 0.0316162109375, 0.2325439453125, 0.2291259765625, 0.8521728515625, 0.0286865234375, 0.2315673828125, 0.233642578125, 0.8497314453125, 0.02783203125]","[32, 32, 32, 32, 32, 32, 32, 32, 32, 32, 32, 32, 32, 32, 32, 32, 32, 32, 32, 32]"
67,phase-encoding,angleradius,0.5,True,0.1,0.5384958704104337,"[0.899169921875, 0.283447265625, 0.8924560546875, 0.292724609375, 0.8922119140625, 0.291259765625, 0.89501953125, 0.2991943359375, 0.8951416015625, 0.28271484375, 0.900390625, 0.2965087890625, 0.8958740234375, 0.286865234375, 0.901611328125, 0.2916259765625, 0.897216796875, 0.2979736328125, 0.894775390625, 0.2872314453125]","[44, 44, 44, 44, 44, 44, 44, 44, 44, 44, 44, 44, 44, 44, 44, 44, 44, 44, 44, 44]"
68,phase-encoding,angleradius,0.7,False,0.02,0.5384958704104337,"[0.67626953125, 0.670166015625, 0.07763671875, 0.9945068359375, 0.6708984375, 0.6795654296875, 0.0814208984375, 0.9951171875, 0.6697998046875, 0.67236328125, 0.0784912109375, 0.99560546875, 0.66552734375, 0.6646728515625, 0.0806884765625, 0.9957275390625, 0.6744384765625, 0.668212890625, 0.07861328125, 0.9964599609375]","[32, 32, 32, 32, 32, 32, 32, 32, 32, 32, 32, 32, 32, 32, 32, 32, 32, 32, 32, 32]"
69,phase-encoding,angleradius,0.7,True,0.02,0.5384958704104337,"[0.893798828125, 0.29052734375, 0.8961181640625, 0.2872314453125, 0.8936767578125, 0.2889404296875, 0.897216796875, 0.2952880859375, 0.900390625, 0.2962646484375, 0.8958740234375, 0.2906494140625, 0.890869140625, 0.28857421875, 0.8988037109375, 0.282958984375, 0.8968505859375, 0.295654296875, 0.906005859375, 0.2889404296875]","[44, 44, 44, 44, 44, 44, 44, 44, 44, 44, 44, 44, 44, 44, 44, 44, 44, 44, 44, 44]"
70,phase-encoding,angleradius,0.7,False,0.1,0.5384958704104337,"[0.687255859375, 0.6695556640625, 0.9951171875, 0.085693359375, 0.67724609375, 0.6739501953125, 0.994384765625, 0.080322265625, 0.6712646484375, 0.6707763671875, 0.995849609375, 0.0859375, 0.677490234375, 0.6751708984375, 0.99560546875, 0.0792236328125, 0.666748046875, 0.6884765625, 0.9952392578125, 0.0809326171875]","[32, 32, 32, 32, 32, 32, 32, 32, 32, 32, 32, 32, 32, 32, 32, 32, 32, 32, 32, 32]"
71,phase-encoding,angleradius,0.7,True,0.1,0.5384958704104337,"[0.8946533203125, 0.2928466796875, 0.89501953125, 0.2890625, 0.8936767578125, 0.2940673828125, 0.8973388671875, 0.29296875, 0.897705078125, 0.2938232421875, 0.892578125, 0.2943115234375, 0.8983154296875, 0.2821044921875, 0.8948974609375, 0.2935791015625, 0.8997802734375, 0.2921142578125, 0.89501953125, 0.29833984375]","[44, 44, 44, 44, 44, 44, 44, 44, 44, 44, 44, 44, 44, 44, 44, 44, 44, 44, 44, 44]"
72,phase-encoding,angleradius,0.8,False,0.02,0.5384958704104337,"[0.6728515625, 0.67236328125, 0.0799560546875, 0.996337890625, 0.668212890625, 0.6739501953125, 0.0782470703125, 0.9951171875, 0.6812744140625, 0.67138671875, 0.0836181640625, 0.9962158203125, 0.6671142578125, 0.6746826171875, 0.076904296875, 0.9951171875, 0.670166015625, 0.66650390625, 0.0809326171875, 0.9970703125]","[32, 32, 32, 32, 32, 32, 32, 32, 32, 32, 32, 32, 32, 32, 32, 32, 32, 32, 32, 32]"
73,phase-encoding,angleradius,0.8,True,0.02,0.5384958704104337,"[0.8946533203125, 0.2823486328125, 0.9022216796875, 0.2952880859375, 0.89306640625, 0.2952880859375, 0.8931884765625, 0.2952880859375, 0.8931884765625, 0.2919921875, 0.8970947265625, 0.287353515625, 0.8966064453125, 0.2816162109375, 0.8961181640625, 0.2923583984375, 0.8956298828125, 0.2845458984375, 0.8973388671875, 0.3001708984375]","[44, 44, 44, 44, 44, 44, 44, 44, 44, 44, 44, 44, 44, 44, 44, 44, 44, 44, 44, 44]"
74,phase-encoding,angleradius,0.8,False,0.1,0.5384958704104337,"[0.6746826171875, 0.6761474609375, 0.99560546875, 0.08642578125, 0.671875, 0.6807861328125, 0.9964599609375, 0.0823974609375, 0.671875, 0.677001953125, 0.99609375, 0.080322265625, 0.679931640625, 0.6756591796875, 0.994873046875, 0.0799560546875, 0.6785888671875, 0.6746826171875, 0.994873046875, 0.084716796875]","[32, 32, 32, 32, 32, 32, 32, 32, 32, 32, 32, 32, 32, 32, 32, 32, 32, 32, 32, 32]"
75,phase-encoding,angleradius,0.8,True,0.1,0.5384958704104337,"[0.897216796875, 0.2857666015625, 0.8939208984375, 0.2906494140625, 0.8973388671875, 0.290283203125, 0.8992919921875, 0.28857421875, 0.8900146484375, 0.28515625, 0.8992919921875, 0.2890625, 0.8936767578125, 0.2916259765625, 0.8968505859375, 0.283935546875, 0.8978271484375, 0.2957763671875, 0.89599609375, 0.2779541015625]","[44, 44, 44, 44, 44, 44, 44, 44, 44, 44, 44, 44, 44, 44, 44, 44, 44, 44, 44, 44]"
76,phase-encoding,angleradius,0.9,False,0.02,0.5384958704104337,"[0.6729736328125, 0.674560546875, 0.0802001953125, 0.9949951171875, 0.666259765625, 0.671630859375, 0.0797119140625, 0.99560546875, 0.667724609375, 0.6695556640625, 0.08251953125, 0.997314453125, 0.671142578125, 0.6722412109375, 0.0833740234375, 0.9951171875, 0.674072265625, 0.6773681640625, 0.079833984375, 0.9949951171875]","[32, 32, 32, 32, 32, 32, 32, 32, 32, 32, 32, 32, 32, 32, 32, 32, 32, 32, 32, 32]"
77,phase-encoding,angleradius,0.9,True,0.02,0.5384958704104337,"[0.9134521484375, 0.8663330078125, 0.9112548828125, 0.8671875, 0.9088134765625, 0.8671875, 0.9102783203125, 0.8653564453125, 0.9129638671875, 0.86865234375, 0.9117431640625, 0.8695068359375, 0.9215087890625, 0.864990234375, 0.909912109375, 0.8714599609375, 0.910888671875, 0.869384765625, 0.9097900390625, 0.8690185546875]","[44, 44, 44, 44, 44, 44, 44, 44, 44, 44, 44, 44, 44, 44, 44, 44, 44, 44, 44, 44]"
78,phase-encoding,angleradius,0.9,False,0.1,0.5384958704104337,"[0.6748046875, 0.674560546875, 0.9952392578125, 0.0782470703125, 0.67919921875, 0.6751708984375, 0.9952392578125, 0.0770263671875, 0.6630859375, 0.661865234375, 0.99560546875, 0.0799560546875, 0.666015625, 0.666015625, 0.9949951171875, 0.0794677734375, 0.6771240234375, 0.6820068359375, 0.995361328125, 0.077392578125]","[32, 32, 32, 32, 32, 32, 32, 32, 32, 32, 32, 32, 32, 32, 32, 32, 32, 32, 32, 32]"
79,phase-encoding,angleradius,0.9,True,0.1,0.5384958704104337,"[0.9970703125, 0.5484619140625, 0.9971923828125, 0.54052734375, 0.9969482421875, 0.5498046875, 0.9964599609375, 0.5433349609375, 0.99658203125, 0.5535888671875, 0.99658203125, 0.5506591796875, 0.9964599609375, 0.5609130859375, 0.9969482421875, 0.55224609375, 0.9974365234375, 0.55859375, 0.9962158203125, 0.5521240234375]","[44, 44, 44, 44, 44, 44, 44, 44, 44, 44, 44, 44, 44, 44, 44, 44, 44, 44, 44, 44]"
