Unnamed: 0,model,phase_strategy,threshold,bias,lr,initial_weights,neuron_outputs
0,HSGS,original,0.3,False,0.02,0.6343798686338388,"[1.0, 0.0, 1.0, 0.0, 1.0, 0.0, 1.0, 0.0, 1.0, 0.0, 1.0, 0.0, 1.0, 0.0, 1.0, 0.0, 1.0, 0.0, 1.0, 0.0]"
1,HSGS,original,0.3,True,0.02,0.6343798686338388,"[0.0, 0.2476806640625, 1.0, 0.252197265625, 0.0, 0.2618408203125, 1.0, 0.2515869140625, 0.0, 0.24267578125, 1.0, 0.2459716796875, 0.0, 0.2474365234375, 1.0, 0.2454833984375, 0.0, 0.259521484375, 1.0, 0.248779296875]"
2,HSGS,original,0.3,False,0.1,0.6343798686338388,"[1.0, 0.0, 1.0, 0.0, 1.0, 0.0, 1.0, 0.0, 1.0, 0.0, 1.0, 0.0, 1.0, 0.0, 1.0, 0.0, 1.0, 0.0, 1.0, 0.0]"
3,HSGS,original,0.3,True,0.1,0.6343798686338388,"[0.0, 0.2587890625, 1.0, 0.251708984375, 0.0, 0.2481689453125, 1.0, 0.25732421875, 0.0, 0.245361328125, 1.0, 0.24755859375, 0.0, 0.2569580078125, 1.0, 0.2618408203125, 0.0, 0.244140625, 1.0, 0.2515869140625]"
4,HSGS,original,0.5,False,0.02,0.6343798686338388,"[1.0, 0.0, 1.0, 0.0, 1.0, 0.0, 1.0, 0.0, 1.0, 0.0, 1.0, 0.0, 1.0, 0.0, 1.0, 0.0, 1.0, 0.0, 1.0, 0.0]"
5,HSGS,original,0.5,True,0.02,0.6343798686338388,"[0.0, 0.26220703125, 1.0, 0.2591552734375, 0.0, 0.2572021484375, 1.0, 0.2545166015625, 0.0, 0.2486572265625, 1.0, 0.25048828125, 0.0, 0.2574462890625, 1.0, 0.2528076171875, 0.0, 0.25048828125, 1.0, 0.2568359375]"
6,HSGS,original,0.5,False,0.1,0.6343798686338388,"[1.0, 0.0, 1.0, 0.0, 1.0, 0.0, 1.0, 0.0, 1.0, 0.0, 1.0, 0.0, 1.0, 0.0, 1.0, 0.0, 1.0, 0.0, 1.0, 0.0]"
7,HSGS,original,0.5,True,0.1,0.6343798686338388,"[0.0, 0.251220703125, 1.0, 0.2479248046875, 0.0, 0.254638671875, 1.0, 0.249267578125, 0.0, 0.2568359375, 1.0, 0.2548828125, 0.0, 0.24755859375, 1.0, 0.2564697265625, 0.0, 0.244384765625, 1.0, 0.2529296875]"
8,HSGS,original,0.7,False,0.02,0.6343798686338388,"[1.0, 0.0, 1.0, 0.0, 1.0, 0.0, 1.0, 0.0, 1.0, 0.0, 1.0, 0.0, 1.0, 0.0, 1.0, 0.0, 1.0, 0.0, 1.0, 0.0]"
9,HSGS,original,0.7,True,0.02,0.6343798686338388,"[0.0, 0.2510986328125, 1.0, 0.242431640625, 0.0, 0.2474365234375, 1.0, 0.2454833984375, 0.0, 0.2469482421875, 1.0, 0.255126953125, 0.0, 0.250244140625, 1.0, 0.2508544921875, 0.0, 0.2391357421875, 1.0, 0.2525634765625]"
10,HSGS,original,0.7,False,0.1,0.6343798686338388,"[1.0, 0.0, 1.0, 0.0, 1.0, 0.0, 1.0, 0.0, 1.0, 0.0, 1.0, 0.0, 1.0, 0.0, 1.0, 0.0, 1.0, 0.0, 1.0, 0.0]"
11,HSGS,original,0.7,True,0.1,0.6343798686338388,"[0.0, 0.2471923828125, 1.0, 0.248291015625, 0.0, 0.2515869140625, 1.0, 0.2564697265625, 0.0, 0.253173828125, 1.0, 0.2471923828125, 0.0, 0.250732421875, 1.0, 0.2562255859375, 0.0, 0.2467041015625, 1.0, 0.2509765625]"
12,HSGS,original,0.8,False,0.02,0.6343798686338388,"[1.0, 0.0, 1.0, 0.0, 1.0, 0.0, 1.0, 0.0, 1.0, 0.0, 1.0, 0.0, 1.0, 0.0, 1.0, 0.0, 1.0, 0.0, 1.0, 0.0]"
13,HSGS,original,0.8,True,0.02,0.6343798686338388,"[0.0, 0.259521484375, 1.0, 0.2445068359375, 0.0, 0.249267578125, 1.0, 0.248046875, 0.0, 0.247314453125, 1.0, 0.250244140625, 0.0, 0.2479248046875, 1.0, 0.2406005859375, 0.0, 0.257080078125, 1.0, 0.2427978515625]"
14,HSGS,original,0.8,False,0.1,0.6343798686338388,"[1.0, 0.0, 1.0, 0.0, 1.0, 0.0, 1.0, 0.0, 1.0, 0.0, 1.0, 0.0, 1.0, 0.0, 1.0, 0.0, 1.0, 0.0, 1.0, 0.0]"
15,HSGS,original,0.8,True,0.1,0.6343798686338388,"[0.0, 0.252197265625, 1.0, 0.2545166015625, 0.0, 0.2425537109375, 1.0, 0.2513427734375, 0.0, 0.25244140625, 1.0, 0.2454833984375, 0.0, 0.24560546875, 1.0, 0.2633056640625, 0.0, 0.255615234375, 1.0, 0.240966796875]"
16,HSGS,original,0.9,False,0.02,0.6343798686338388,"[1.0, 0.0, 1.0, 0.0, 1.0, 0.0, 1.0, 0.0, 1.0, 0.0, 1.0, 0.0, 1.0, 0.0, 1.0, 0.0, 1.0, 0.0, 1.0, 0.0]"
17,HSGS,original,0.9,True,0.02,0.6343798686338388,"[0.0, 0.258544921875, 1.0, 0.250732421875, 0.0, 0.250244140625, 1.0, 0.25634765625, 0.0, 0.248779296875, 1.0, 0.2476806640625, 0.0, 0.249267578125, 1.0, 0.2550048828125, 0.0, 0.2481689453125, 1.0, 0.2401123046875]"
18,HSGS,original,0.9,False,0.1,0.6343798686338388,"[1.0, 0.0, 1.0, 0.0, 1.0, 0.0, 1.0, 0.0, 1.0, 0.0, 1.0, 0.0, 1.0, 0.0, 1.0, 0.0, 1.0, 0.0, 1.0, 0.0]"
19,HSGS,original,0.9,True,0.1,0.6343798686338388,"[0.0, 0.2457275390625, 1.0, 0.2491455078125, 0.0, 0.255615234375, 1.0, 0.2498779296875, 0.0, 0.2486572265625, 1.0, 0.2413330078125, 0.0, 0.2515869140625, 1.0, 0.24658203125, 0.0, 0.2513427734375, 1.0, 0.2510986328125]"
20,HSGS,original,0.3,False,0.02,0.5229062010283453,"[1.0, 0.0, 1.0, 0.0, 1.0, 0.0, 1.0, 0.0, 1.0, 0.0, 1.0, 0.0, 1.0, 0.0, 1.0, 0.0, 1.0, 0.0, 1.0, 0.0]"
21,HSGS,original,0.3,True,0.02,0.5229062010283453,"[0.0, 0.2335205078125, 1.0, 0.2366943359375, 0.0, 0.2579345703125, 1.0, 0.242919921875, 0.0, 0.2474365234375, 1.0, 0.2498779296875, 0.0, 0.254150390625, 1.0, 0.24658203125, 0.0, 0.25048828125, 1.0, 0.25]"
22,HSGS,original,0.3,False,0.1,0.5229062010283453,"[1.0, 0.0, 1.0, 0.0, 1.0, 0.0, 1.0, 0.0, 1.0, 0.0, 1.0, 0.0, 1.0, 0.0, 1.0, 0.0, 1.0, 0.0, 1.0, 0.0]"
23,HSGS,original,0.3,True,0.1,0.5229062010283453,"[0.0, 0.2530517578125, 1.0, 0.24365234375, 0.0, 0.2437744140625, 1.0, 0.24951171875, 0.0, 0.2486572265625, 1.0, 0.245849609375, 0.0, 0.2508544921875, 1.0, 0.251953125, 0.0, 0.2490234375, 1.0, 0.247314453125]"
24,HSGS,original,0.5,False,0.02,0.5229062010283453,"[1.0, 0.0, 1.0, 0.0, 1.0, 0.0, 1.0, 0.0, 1.0, 0.0, 1.0, 0.0, 1.0, 0.0, 1.0, 0.0, 1.0, 0.0, 1.0, 0.0]"
25,HSGS,original,0.5,True,0.02,0.5229062010283453,"[0.0, 0.2587890625, 1.0, 0.25, 0.0, 0.2454833984375, 1.0, 0.25, 0.0, 0.246826171875, 1.0, 0.2567138671875, 0.0, 0.25390625, 1.0, 0.2513427734375, 0.0, 0.255126953125, 1.0, 0.2493896484375]"
26,HSGS,original,0.5,False,0.1,0.5229062010283453,"[1.0, 0.0, 1.0, 0.0, 1.0, 0.0, 1.0, 0.0, 1.0, 0.0, 1.0, 0.0, 1.0, 0.0, 1.0, 0.0, 1.0, 0.0, 1.0, 0.0]"
27,HSGS,original,0.5,True,0.1,0.5229062010283453,"[0.0, 0.2562255859375, 1.0, 0.24267578125, 0.0, 0.252685546875, 1.0, 0.2535400390625, 0.0, 0.2548828125, 1.0, 0.2523193359375, 0.0, 0.2431640625, 1.0, 0.2481689453125, 0.0, 0.25439453125, 1.0, 0.2496337890625]"
28,HSGS,original,0.7,False,0.02,0.5229062010283453,"[1.0, 0.0, 1.0, 0.0, 1.0, 0.0, 1.0, 0.0, 1.0, 0.0, 1.0, 0.0, 1.0, 0.0, 1.0, 0.0, 1.0, 0.0, 1.0, 0.0]"
29,HSGS,original,0.7,True,0.02,0.5229062010283453,"[0.0, 0.241455078125, 1.0, 0.2567138671875, 0.0, 0.2520751953125, 1.0, 0.25244140625, 0.0, 0.2459716796875, 1.0, 0.2548828125, 0.0, 0.2548828125, 1.0, 0.2496337890625, 0.0, 0.2474365234375, 1.0, 0.2470703125]"
30,HSGS,original,0.7,False,0.1,0.5229062010283453,"[1.0, 0.0, 1.0, 0.0, 1.0, 0.0, 1.0, 0.0, 1.0, 0.0, 1.0, 0.0, 1.0, 0.0, 1.0, 0.0, 1.0, 0.0, 1.0, 0.0]"
31,HSGS,original,0.7,True,0.1,0.5229062010283453,"[0.0, 0.2462158203125, 1.0, 0.246337890625, 0.0, 0.2513427734375, 1.0, 0.2481689453125, 0.0, 0.2457275390625, 1.0, 0.250732421875, 0.0, 0.2479248046875, 1.0, 0.2469482421875, 0.0, 0.252685546875, 1.0, 0.2523193359375]"
32,HSGS,original,0.8,False,0.02,0.5229062010283453,"[1.0, 0.0, 1.0, 0.0, 1.0, 0.0, 1.0, 0.0, 1.0, 0.0, 1.0, 0.0, 1.0, 0.0, 1.0, 0.0, 1.0, 0.0, 1.0, 0.0]"
33,HSGS,original,0.8,True,0.02,0.5229062010283453,"[0.0, 0.25244140625, 1.0, 0.24951171875, 0.0, 0.2501220703125, 1.0, 0.24560546875, 0.0, 0.2523193359375, 1.0, 0.254150390625, 0.0, 0.253173828125, 1.0, 0.2537841796875, 0.0, 0.2520751953125, 1.0, 0.25341796875]"
34,HSGS,original,0.8,False,0.1,0.5229062010283453,"[1.0, 0.0, 1.0, 0.0, 1.0, 0.0, 1.0, 0.0, 1.0, 0.0, 1.0, 0.0, 1.0, 0.0, 1.0, 0.0, 1.0, 0.0, 1.0, 0.0]"
35,HSGS,original,0.8,True,0.1,0.5229062010283453,"[0.0, 0.2457275390625, 1.0, 0.2464599609375, 0.0, 0.254150390625, 1.0, 0.2603759765625, 0.0, 0.260986328125, 1.0, 0.2525634765625, 0.0, 0.2518310546875, 1.0, 0.25244140625, 0.0, 0.2509765625, 1.0, 0.2462158203125]"
36,HSGS,original,0.9,False,0.02,0.5229062010283453,"[1.0, 0.0, 1.0, 0.0, 1.0, 0.0, 1.0, 0.0, 1.0, 0.0, 1.0, 0.0, 1.0, 0.0, 1.0, 0.0, 1.0, 0.0, 1.0, 0.0]"
37,HSGS,original,0.9,True,0.02,0.5229062010283453,"[0.0, 0.2510986328125, 1.0, 0.241455078125, 0.0, 0.255615234375, 1.0, 0.2509765625, 0.0, 0.2449951171875, 1.0, 0.252685546875, 0.0, 0.250732421875, 1.0, 0.2491455078125, 0.0, 0.24462890625, 1.0, 0.2491455078125]"
38,HSGS,original,0.9,False,0.1,0.5229062010283453,"[1.0, 0.0, 1.0, 0.0, 1.0, 0.0, 1.0, 0.0, 1.0, 0.0, 1.0, 0.0, 1.0, 0.0, 1.0, 0.0, 1.0, 0.0, 1.0, 0.0]"
39,HSGS,original,0.9,True,0.1,0.5229062010283453,"[0.0, 0.2406005859375, 1.0, 0.251953125, 0.0, 0.2664794921875, 1.0, 0.252197265625, 0.0, 0.2476806640625, 1.0, 0.244140625, 0.0, 0.24658203125, 1.0, 0.2513427734375, 0.0, 0.2525634765625, 1.0, 0.2403564453125]"
0,phase-encoding,original,0.3,False,0.02,0.4148859784394432,"[0.6300048828125, 0.626220703125, 0.62744140625, 0.6270751953125, 0.6292724609375, 0.6322021484375, 0.626708984375, 0.633544921875, 0.6358642578125, 0.6341552734375, 0.639404296875, 0.63037109375, 0.6434326171875, 0.634521484375, 0.634033203125, 0.6343994140625, 0.625732421875, 0.628173828125, 0.6409912109375, 0.63427734375]"
1,phase-encoding,original,0.3,True,0.02,0.4148859784394432,"[0.6307373046875, 0.633056640625, 0.6395263671875, 0.6361083984375, 0.6251220703125, 0.634033203125, 0.6348876953125, 0.623291015625, 0.640380859375, 0.6396484375, 0.6368408203125, 0.6292724609375, 0.6343994140625, 0.636962890625, 0.636962890625, 0.635009765625, 0.6243896484375, 0.640869140625, 0.63232421875, 0.643798828125]"
2,phase-encoding,original,0.3,False,0.1,0.4148859784394432,"[0.635009765625, 0.6348876953125, 0.6241455078125, 0.6322021484375, 0.634521484375, 0.634521484375, 0.6358642578125, 0.6397705078125, 0.6339111328125, 0.634033203125, 0.6402587890625, 0.635009765625, 0.6396484375, 0.63916015625, 0.64794921875, 0.62353515625, 0.6339111328125, 0.6251220703125, 0.6331787109375, 0.6298828125]"
3,phase-encoding,original,0.3,True,0.1,0.4148859784394432,"[0.6185302734375, 0.642333984375, 0.629638671875, 0.6290283203125, 0.6424560546875, 0.6324462890625, 0.6361083984375, 0.6324462890625, 0.6361083984375, 0.6365966796875, 0.6285400390625, 0.6326904296875, 0.6400146484375, 0.6390380859375, 0.6356201171875, 0.63037109375, 0.627685546875, 0.63916015625, 0.6405029296875, 0.6339111328125]"
4,phase-encoding,original,0.5,False,0.02,0.4148859784394432,"[0.6334228515625, 0.6287841796875, 0.6324462890625, 0.628173828125, 0.6361083984375, 0.635009765625, 0.63427734375, 0.6416015625, 0.62744140625, 0.6287841796875, 0.63525390625, 0.6295166015625, 0.6392822265625, 0.6373291015625, 0.6319580078125, 0.628173828125, 0.6314697265625, 0.641845703125, 0.6304931640625, 0.6416015625]"
5,phase-encoding,original,0.5,True,0.02,0.4148859784394432,"[0.6380615234375, 0.639892578125, 0.634765625, 0.6376953125, 0.635009765625, 0.6346435546875, 0.6385498046875, 0.635986328125, 0.6334228515625, 0.6253662109375, 0.6346435546875, 0.6275634765625, 0.63330078125, 0.6387939453125, 0.6357421875, 0.6318359375, 0.632080078125, 0.636962890625, 0.6395263671875, 0.6357421875]"
6,phase-encoding,original,0.5,False,0.1,0.4148859784394432,"[0.6358642578125, 0.629638671875, 0.6317138671875, 0.62841796875, 0.6300048828125, 0.63525390625, 0.641845703125, 0.6282958984375, 0.6395263671875, 0.633544921875, 0.6392822265625, 0.62939453125, 0.6280517578125, 0.64111328125, 0.6280517578125, 0.6444091796875, 0.6339111328125, 0.638671875, 0.6385498046875, 0.6318359375]"
7,phase-encoding,original,0.5,True,0.1,0.4148859784394432,"[0.6356201171875, 0.631103515625, 0.6314697265625, 0.628662109375, 0.6282958984375, 0.640625, 0.6265869140625, 0.639892578125, 0.63232421875, 0.6373291015625, 0.631591796875, 0.634033203125, 0.629638671875, 0.6334228515625, 0.640380859375, 0.634033203125, 0.6341552734375, 0.63427734375, 0.6353759765625, 0.6358642578125]"
8,phase-encoding,original,0.7,False,0.02,0.4148859784394432,"[0.6331787109375, 0.6328125, 0.6309814453125, 0.6328125, 0.63720703125, 0.6385498046875, 0.639404296875, 0.6297607421875, 0.6357421875, 0.6292724609375, 0.6395263671875, 0.630615234375, 0.6414794921875, 0.6259765625, 0.6334228515625, 0.6300048828125, 0.6290283203125, 0.6358642578125, 0.638671875, 0.6298828125]"
9,phase-encoding,original,0.7,True,0.02,0.4148859784394432,"[0.634765625, 0.6412353515625, 0.6380615234375, 0.64306640625, 0.6337890625, 0.63671875, 0.6334228515625, 0.632568359375, 0.6285400390625, 0.6318359375, 0.62841796875, 0.6204833984375, 0.63134765625, 0.6268310546875, 0.63623046875, 0.626220703125, 0.631103515625, 0.6376953125, 0.64404296875, 0.6416015625]"
10,phase-encoding,original,0.7,False,0.1,0.4148859784394432,"[0.638427734375, 0.6334228515625, 0.6409912109375, 0.62646484375, 0.630615234375, 0.625732421875, 0.63818359375, 0.630859375, 0.632568359375, 0.6348876953125, 0.6385498046875, 0.6278076171875, 0.6502685546875, 0.635498046875, 0.62939453125, 0.6390380859375, 0.6275634765625, 0.6279296875, 0.63525390625, 0.6273193359375]"
11,phase-encoding,original,0.7,True,0.1,0.4148859784394432,"[0.63427734375, 0.62890625, 0.640625, 0.6375732421875, 0.6280517578125, 0.6329345703125, 0.62744140625, 0.634765625, 0.62939453125, 0.636474609375, 0.6376953125, 0.6279296875, 0.6339111328125, 0.634521484375, 0.62939453125, 0.6444091796875, 0.6304931640625, 0.6273193359375, 0.628173828125, 0.6343994140625]"
12,phase-encoding,original,0.9,False,0.02,0.4148859784394432,"[0.6309814453125, 0.6287841796875, 0.6375732421875, 0.635009765625, 0.643310546875, 0.63720703125, 0.6256103515625, 0.635009765625, 0.6343994140625, 0.638916015625, 0.63037109375, 0.638427734375, 0.6287841796875, 0.639404296875, 0.6341552734375, 0.6270751953125, 0.6370849609375, 0.6285400390625, 0.6405029296875, 0.63916015625]"
13,phase-encoding,original,0.9,True,0.02,0.4148859784394432,"[0.6280517578125, 0.62890625, 0.632568359375, 0.625732421875, 0.6448974609375, 0.6265869140625, 0.632568359375, 0.6453857421875, 0.6436767578125, 0.6217041015625, 0.6307373046875, 0.6285400390625, 0.6329345703125, 0.634033203125, 0.6251220703125, 0.6336669921875, 0.628662109375, 0.635009765625, 0.6416015625, 0.6302490234375]"
14,phase-encoding,original,0.9,False,0.1,0.4148859784394432,"[0.637451171875, 0.635009765625, 0.6292724609375, 0.6451416015625, 0.63671875, 0.6424560546875, 0.6378173828125, 0.635009765625, 0.6265869140625, 0.6392822265625, 0.635986328125, 0.633056640625, 0.63671875, 0.6282958984375, 0.641357421875, 0.635498046875, 0.6397705078125, 0.632568359375, 0.6312255859375, 0.621826171875]"
15,phase-encoding,original,0.9,True,0.1,0.4148859784394432,"[0.6318359375, 0.6337890625, 0.6358642578125, 0.63134765625, 0.6334228515625, 0.64111328125, 0.6324462890625, 0.6298828125, 0.6314697265625, 0.6373291015625, 0.6302490234375, 0.626953125, 0.6441650390625, 0.6260986328125, 0.64111328125, 0.643310546875, 0.6339111328125, 0.6317138671875, 0.63330078125, 0.646728515625]"
16,phase-encoding,angle,0.3,False,0.02,0.4148859784394432,"[1.0, 0.0467529296875, 0.595947265625, 0.5968017578125, 1.0, 0.0445556640625, 0.59521484375, 0.595458984375, 1.0, 0.0428466796875, 0.5975341796875, 0.5972900390625, 0.9998779296875, 0.047119140625, 0.608154296875, 0.6016845703125, 1.0, 0.041748046875, 0.592529296875, 0.59619140625]"
17,phase-encoding,angle,0.3,True,0.02,0.4148859784394432,"[0.3074951171875, 0.9085693359375, 0.310546875, 0.9132080078125, 0.306884765625, 0.905517578125, 0.3089599609375, 0.91259765625, 0.3126220703125, 0.9061279296875, 0.3192138671875, 0.9112548828125, 0.30859375, 0.908447265625, 0.314208984375, 0.91015625, 0.3135986328125, 0.9117431640625, 0.3043212890625, 0.9119873046875]"
18,phase-encoding,angle,0.3,False,0.1,0.4148859784394432,"[0.890625, 0.011474609375, 0.2802734375, 0.2796630859375, 0.8992919921875, 0.010986328125, 0.2762451171875, 0.2813720703125, 0.8896484375, 0.015869140625, 0.285888671875, 0.2791748046875, 0.88818359375, 0.012939453125, 0.282470703125, 0.2882080078125, 0.8900146484375, 0.01220703125, 0.2786865234375, 0.28271484375]"
19,phase-encoding,angle,0.3,True,0.1,0.4148859784394432,"[0.4322509765625, 0.966064453125, 0.4228515625, 0.9639892578125, 0.4266357421875, 0.966552734375, 0.426513671875, 0.9632568359375, 0.4287109375, 0.9686279296875, 0.4273681640625, 0.9642333984375, 0.41943359375, 0.967041015625, 0.4212646484375, 0.96533203125, 0.417236328125, 0.9656982421875, 0.4261474609375, 0.96337890625]"
20,phase-encoding,angle,0.5,False,0.02,0.4148859784394432,"[0.99609375, 0.0777587890625, 0.6552734375, 0.6636962890625, 0.9971923828125, 0.0797119140625, 0.6658935546875, 0.6614990234375, 0.9967041015625, 0.0836181640625, 0.6712646484375, 0.6728515625, 0.99853515625, 0.0767822265625, 0.6712646484375, 0.6669921875, 0.9952392578125, 0.0821533203125, 0.6710205078125, 0.66455078125]"
21,phase-encoding,angle,0.5,True,0.02,0.4148859784394432,"[0.3138427734375, 0.917724609375, 0.3140869140625, 0.906982421875, 0.3187255859375, 0.916015625, 0.3062744140625, 0.9132080078125, 0.305908203125, 0.908935546875, 0.3133544921875, 0.9161376953125, 0.3150634765625, 0.9149169921875, 0.3087158203125, 0.9132080078125, 0.3111572265625, 0.9080810546875, 0.3114013671875, 0.908203125]"
22,phase-encoding,original,0.3,False,0.02,0.4148859784394432,"[0.626708984375, 0.6326904296875, 0.634033203125, 0.638671875, 0.641357421875, 0.633056640625, 0.639892578125, 0.61962890625, 0.6304931640625, 0.6346435546875, 0.6395263671875, 0.630859375, 0.62939453125, 0.6239013671875, 0.633056640625, 0.6251220703125, 0.63818359375, 0.63232421875, 0.6339111328125, 0.63623046875]"
23,phase-encoding,original,0.3,True,0.02,0.4148859784394432,"[0.633544921875, 0.625244140625, 0.628173828125, 0.6380615234375, 0.640869140625, 0.6339111328125, 0.622314453125, 0.6376953125, 0.635986328125, 0.6419677734375, 0.6339111328125, 0.6353759765625, 0.6427001953125, 0.626220703125, 0.6314697265625, 0.633544921875, 0.623779296875, 0.6337890625, 0.64013671875, 0.6319580078125]"
24,phase-encoding,original,0.3,False,0.1,0.4148859784394432,"[0.6397705078125, 0.6337890625, 0.6319580078125, 0.6387939453125, 0.6400146484375, 0.6365966796875, 0.6217041015625, 0.6319580078125, 0.6396484375, 0.6385498046875, 0.6302490234375, 0.635009765625, 0.63037109375, 0.6334228515625, 0.6270751953125, 0.6337890625, 0.633056640625, 0.636962890625, 0.6292724609375, 0.6387939453125]"
25,phase-encoding,original,0.3,True,0.1,0.4148859784394432,"[0.63671875, 0.6395263671875, 0.6314697265625, 0.6353759765625, 0.62890625, 0.63720703125, 0.6319580078125, 0.6427001953125, 0.64013671875, 0.6336669921875, 0.637939453125, 0.6356201171875, 0.6273193359375, 0.63720703125, 0.6297607421875, 0.6348876953125, 0.6226806640625, 0.63720703125, 0.631591796875, 0.643798828125]"
26,phase-encoding,original,0.5,False,0.02,0.4148859784394432,"[0.6290283203125, 0.63818359375, 0.625, 0.632568359375, 0.6368408203125, 0.6220703125, 0.6253662109375, 0.637451171875, 0.6429443359375, 0.630615234375, 0.6375732421875, 0.639404296875, 0.6197509765625, 0.62939453125, 0.644287109375, 0.63427734375, 0.6260986328125, 0.633544921875, 0.63623046875, 0.6279296875]"
27,phase-encoding,original,0.5,True,0.02,0.4148859784394432,"[0.6356201171875, 0.634521484375, 0.629638671875, 0.6280517578125, 0.62451171875, 0.6309814453125, 0.6414794921875, 0.6331787109375, 0.6380615234375, 0.6318359375, 0.644775390625, 0.6446533203125, 0.631591796875, 0.63525390625, 0.6368408203125, 0.6375732421875, 0.6278076171875, 0.6439208984375, 0.6358642578125, 0.6337890625]"
28,phase-encoding,original,0.5,False,0.1,0.4148859784394432,"[0.6385498046875, 0.6312255859375, 0.633544921875, 0.6300048828125, 0.6484375, 0.6217041015625, 0.631103515625, 0.627197265625, 0.63671875, 0.63330078125, 0.63671875, 0.6251220703125, 0.6395263671875, 0.6405029296875, 0.633056640625, 0.6361083984375, 0.6358642578125, 0.6390380859375, 0.628662109375, 0.634765625]"
29,phase-encoding,original,0.5,True,0.1,0.4148859784394432,"[0.642578125, 0.6282958984375, 0.6234130859375, 0.6357421875, 0.639404296875, 0.625732421875, 0.64013671875, 0.640625, 0.63720703125, 0.63818359375, 0.6357421875, 0.6375732421875, 0.6370849609375, 0.64013671875, 0.6287841796875, 0.6324462890625, 0.630859375, 0.633056640625, 0.63916015625, 0.62744140625]"
30,phase-encoding,original,0.7,False,0.02,0.4148859784394432,"[0.628662109375, 0.6351318359375, 0.6400146484375, 0.6236572265625, 0.6319580078125, 0.6341552734375, 0.6329345703125, 0.64306640625, 0.645263671875, 0.635009765625, 0.643798828125, 0.631103515625, 0.64111328125, 0.6378173828125, 0.6307373046875, 0.6324462890625, 0.63134765625, 0.6368408203125, 0.64404296875, 0.6297607421875]"
31,phase-encoding,original,0.7,True,0.02,0.4148859784394432,"[0.634521484375, 0.632568359375, 0.6341552734375, 0.632080078125, 0.6341552734375, 0.6297607421875, 0.6290283203125, 0.6328125, 0.632568359375, 0.6351318359375, 0.6280517578125, 0.6407470703125, 0.631103515625, 0.631103515625, 0.64697265625, 0.6279296875, 0.6324462890625, 0.6307373046875, 0.6270751953125, 0.6300048828125]"
32,phase-encoding,original,0.7,False,0.1,0.4148859784394432,"[0.6324462890625, 0.6212158203125, 0.6380615234375, 0.6402587890625, 0.6302490234375, 0.6375732421875, 0.62939453125, 0.6353759765625, 0.6429443359375, 0.6331787109375, 0.633056640625, 0.632080078125, 0.63427734375, 0.6390380859375, 0.63720703125, 0.6343994140625, 0.639892578125, 0.6387939453125, 0.6314697265625, 0.63916015625]"
33,phase-encoding,original,0.7,True,0.1,0.4148859784394432,"[0.6263427734375, 0.6361083984375, 0.6302490234375, 0.6358642578125, 0.6337890625, 0.6334228515625, 0.631591796875, 0.6392822265625, 0.6337890625, 0.6328125, 0.63818359375, 0.6290283203125, 0.627197265625, 0.641845703125, 0.6361083984375, 0.6514892578125, 0.63427734375, 0.628662109375, 0.63330078125, 0.6302490234375]"
34,phase-encoding,original,0.9,False,0.02,0.4148859784394432,"[0.6295166015625, 0.6295166015625, 0.626708984375, 0.628662109375, 0.634033203125, 0.6455078125, 0.6339111328125, 0.636474609375, 0.623779296875, 0.6390380859375, 0.6351318359375, 0.62548828125, 0.624755859375, 0.626953125, 0.6416015625, 0.637451171875, 0.641845703125, 0.6339111328125, 0.6363525390625, 0.642333984375]"
35,phase-encoding,original,0.9,True,0.02,0.4148859784394432,"[0.63134765625, 0.6336669921875, 0.643798828125, 0.6392822265625, 0.6368408203125, 0.640380859375, 0.6368408203125, 0.6341552734375, 0.6357421875, 0.638427734375, 0.637451171875, 0.6361083984375, 0.625732421875, 0.63623046875, 0.6334228515625, 0.6209716796875, 0.631103515625, 0.6356201171875, 0.6409912109375, 0.6258544921875]"
36,phase-encoding,original,0.9,False,0.1,0.4148859784394432,"[0.6358642578125, 0.631103515625, 0.635009765625, 0.6318359375, 0.632080078125, 0.626953125, 0.6304931640625, 0.6298828125, 0.6326904296875, 0.630859375, 0.6405029296875, 0.6387939453125, 0.6422119140625, 0.634765625, 0.6385498046875, 0.6331787109375, 0.621337890625, 0.6392822265625, 0.634033203125, 0.6368408203125]"
37,phase-encoding,original,0.9,True,0.1,0.4148859784394432,"[0.6279296875, 0.6331787109375, 0.6361083984375, 0.63525390625, 0.6356201171875, 0.6343994140625, 0.6331787109375, 0.6312255859375, 0.6402587890625, 0.6361083984375, 0.63232421875, 0.64208984375, 0.625732421875, 0.6351318359375, 0.6427001953125, 0.6339111328125, 0.6370849609375, 0.6385498046875, 0.6326904296875, 0.637451171875]"
38,phase-encoding,angle,0.3,False,0.02,0.4148859784394432,"[0.9051513671875, 0.009033203125, 0.3028564453125, 0.2923583984375, 0.8963623046875, 0.0076904296875, 0.3023681640625, 0.3035888671875, 0.904541015625, 0.008056640625, 0.3013916015625, 0.30126953125, 0.904296875, 0.0091552734375, 0.3035888671875, 0.2960205078125, 0.9027099609375, 0.0098876953125, 0.3046875, 0.302734375]"
39,phase-encoding,angle,0.3,True,0.02,0.4148859784394432,"[0.39501953125, 0.95361328125, 0.39697265625, 0.9566650390625, 0.3902587890625, 0.953857421875, 0.3948974609375, 0.94970703125, 0.39404296875, 0.953857421875, 0.396728515625, 0.9542236328125, 0.3997802734375, 0.952880859375, 0.3997802734375, 0.9481201171875, 0.403076171875, 0.9522705078125, 0.39404296875, 0.9559326171875]"
40,phase-encoding,angle,0.3,False,0.1,0.4148859784394432,"[0.690673828125, 0.1221923828125, 0.0931396484375, 0.10107421875, 0.7012939453125, 0.123291015625, 0.0999755859375, 0.0968017578125, 0.6929931640625, 0.1229248046875, 0.0947265625, 0.0941162109375, 0.698486328125, 0.1300048828125, 0.095947265625, 0.100830078125, 0.697509765625, 0.1239013671875, 0.0994873046875, 0.0889892578125]"
41,phase-encoding,angle,0.3,True,0.1,0.4148859784394432,"[0.8392333984375, 0.9344482421875, 0.8323974609375, 0.9326171875, 0.8409423828125, 0.9344482421875, 0.83740234375, 0.940673828125, 0.83642578125, 0.937744140625, 0.83642578125, 0.93212890625, 0.8360595703125, 0.931396484375, 0.8370361328125, 0.9376220703125, 0.8372802734375, 0.9373779296875, 0.8446044921875, 0.933349609375]"
42,phase-encoding,angle,0.5,False,0.02,0.4148859784394432,"[0.9744873046875, 0.004638671875, 0.4482421875, 0.450439453125, 0.975830078125, 0.0037841796875, 0.45263671875, 0.4427490234375, 0.97509765625, 0.0054931640625, 0.4520263671875, 0.4512939453125, 0.9757080078125, 0.0035400390625, 0.4512939453125, 0.4505615234375, 0.975341796875, 0.0040283203125, 0.4520263671875, 0.459228515625]"
43,phase-encoding,angle,0.5,True,0.02,0.4148859784394432,"[0.62646484375, 0.999755859375, 0.6229248046875, 0.9996337890625, 0.6168212890625, 0.9998779296875, 0.61962890625, 0.999755859375, 0.625244140625, 0.9996337890625, 0.617431640625, 0.999755859375, 0.6251220703125, 0.999755859375, 0.6368408203125, 0.99951171875, 0.628173828125, 0.9993896484375, 0.62646484375, 1.0]"
44,phase-encoding,angle,0.5,False,0.1,0.4148859784394432,"[0.9439697265625, 0.0, 0.3797607421875, 0.381103515625, 0.9461669921875, 0.000244140625, 0.3709716796875, 0.385986328125, 0.947265625, 0.0003662109375, 0.3780517578125, 0.3768310546875, 0.9447021484375, 0.000244140625, 0.38134765625, 0.3790283203125, 0.9429931640625, 0.00048828125, 0.3704833984375, 0.3770751953125]"
45,phase-encoding,angle,0.5,True,0.1,0.4148859784394432,"[0.9654541015625, 0.7813720703125, 0.9654541015625, 0.7794189453125, 0.9671630859375, 0.773193359375, 0.9656982421875, 0.780517578125, 0.9627685546875, 0.77978515625, 0.9688720703125, 0.7786865234375, 0.9683837890625, 0.7860107421875, 0.969970703125, 0.772705078125, 0.9654541015625, 0.7762451171875, 0.968994140625, 0.7744140625]"
46,phase-encoding,angle,0.7,False,0.02,0.4148859784394432,"[0.9967041015625, 0.07666015625, 0.6776123046875, 0.6693115234375, 0.997314453125, 0.0751953125, 0.678466796875, 0.6607666015625, 0.9964599609375, 0.0772705078125, 0.6595458984375, 0.6685791015625, 0.996826171875, 0.07763671875, 0.6627197265625, 0.659423828125, 0.99658203125, 0.081787109375, 0.6591796875, 0.6624755859375]"
47,phase-encoding,angle,0.7,True,0.02,0.4148859784394432,"[0.7841796875, 0.96435546875, 0.7894287109375, 0.9625244140625, 0.784912109375, 0.9669189453125, 0.783447265625, 0.9608154296875, 0.7794189453125, 0.9625244140625, 0.793701171875, 0.966064453125, 0.7896728515625, 0.96484375, 0.7816162109375, 0.9632568359375, 0.7852783203125, 0.961669921875, 0.79150390625, 0.9652099609375]"
48,phase-encoding,angle,0.7,False,0.1,0.4148859784394432,"[0.9793701171875, 0.006591796875, 0.474365234375, 0.4691162109375, 0.9805908203125, 0.0079345703125, 0.4771728515625, 0.4803466796875, 0.9810791015625, 0.0076904296875, 0.4732666015625, 0.4810791015625, 0.9798583984375, 0.007080078125, 0.471923828125, 0.4754638671875, 0.98046875, 0.0069580078125, 0.468994140625, 0.4647216796875]"
49,phase-encoding,angle,0.7,True,0.1,0.4148859784394432,"[0.9923095703125, 0.6932373046875, 0.992919921875, 0.6925048828125, 0.9921875, 0.6966552734375, 0.9923095703125, 0.694091796875, 0.992919921875, 0.7017822265625, 0.9925537109375, 0.69140625, 0.9923095703125, 0.677978515625, 0.9940185546875, 0.6956787109375, 0.9945068359375, 0.6922607421875, 0.9921875, 0.6868896484375]"
50,phase-encoding,angle,0.9,False,0.02,0.4148859784394432,"[0.9107666015625, 0.2574462890625, 0.8712158203125, 0.8623046875, 0.9107666015625, 0.2564697265625, 0.873291015625, 0.86474609375, 0.9075927734375, 0.2520751953125, 0.8753662109375, 0.8731689453125, 0.9140625, 0.2509765625, 0.8697509765625, 0.869384765625, 0.9066162109375, 0.257080078125, 0.873046875, 0.867431640625]"
51,phase-encoding,angle,0.9,True,0.02,0.4148859784394432,"[0.9267578125, 0.8572998046875, 0.9315185546875, 0.8507080078125, 0.927734375, 0.8499755859375, 0.9273681640625, 0.84716796875, 0.9241943359375, 0.8443603515625, 0.9227294921875, 0.851806640625, 0.9259033203125, 0.8447265625, 0.9217529296875, 0.853515625, 0.9326171875, 0.84765625, 0.92919921875, 0.8477783203125]"
52,phase-encoding,angle,0.9,False,0.1,0.4148859784394432,"[0.91015625, 0.2587890625, 0.86767578125, 0.8681640625, 0.912841796875, 0.2552490234375, 0.8763427734375, 0.863525390625, 0.9090576171875, 0.258056640625, 0.8726806640625, 0.869140625, 0.9052734375, 0.26025390625, 0.867431640625, 0.861572265625, 0.9107666015625, 0.2593994140625, 0.8734130859375, 0.875244140625]"
53,phase-encoding,angle,0.9,True,0.1,0.4148859784394432,"[0.92236328125, 0.8563232421875, 0.924072265625, 0.8587646484375, 0.924560546875, 0.864990234375, 0.9207763671875, 0.8543701171875, 0.925537109375, 0.853515625, 0.919677734375, 0.8558349609375, 0.926025390625, 0.8563232421875, 0.92431640625, 0.852783203125, 0.925537109375, 0.8585205078125, 0.9166259765625, 0.8519287109375]"
54,phase-encoding,radius,0.3,False,0.02,0.4148859784394432,"[0.6971435546875, 0.0965576171875, 0.095458984375, 0.6888427734375, 0.6939697265625, 0.0958251953125, 0.0970458984375, 0.70263671875, 0.6951904296875, 0.0992431640625, 0.0904541015625, 0.6981201171875, 0.7003173828125, 0.0877685546875, 0.0980224609375, 0.6864013671875, 0.6942138671875, 0.0966796875, 0.09375, 0.68603515625]"
55,phase-encoding,radius,0.3,True,0.02,0.4148859784394432,"[0.2852783203125, 0.2838134765625, 0.28369140625, 0.2857666015625, 0.2939453125, 0.278076171875, 0.287841796875, 0.279296875, 0.2840576171875, 0.28369140625, 0.2757568359375, 0.2813720703125, 0.2862548828125, 0.2779541015625, 0.2830810546875, 0.28173828125, 0.284423828125, 0.2713623046875, 0.2835693359375, 0.2777099609375]"
56,phase-encoding,radius,0.3,False,0.1,0.4148859784394432,"[0.6973876953125, 0.097900390625, 0.0933837890625, 0.6971435546875, 0.6900634765625, 0.0908203125, 0.0950927734375, 0.691650390625, 0.700927734375, 0.0960693359375, 0.0989990234375, 0.7042236328125, 0.69775390625, 0.0921630859375, 0.0985107421875, 0.702392578125, 0.694091796875, 0.0977783203125, 0.09716796875, 0.7142333984375]"
57,phase-encoding,radius,0.3,True,0.1,0.4148859784394432,"[0.2900390625, 0.282958984375, 0.28369140625, 0.2813720703125, 0.27783203125, 0.2808837890625, 0.287841796875, 0.28857421875, 0.2916259765625, 0.281005859375, 0.2823486328125, 0.29052734375, 0.27978515625, 0.2779541015625, 0.2828369140625, 0.2862548828125, 0.2869873046875, 0.2886962890625, 0.2901611328125, 0.277587890625]"
58,phase-encoding,radius,0.5,False,0.02,0.4148859784394432,"[0.7008056640625, 0.0941162109375, 0.09228515625, 0.6932373046875, 0.683349609375, 0.092041015625, 0.0982666015625, 0.7000732421875, 0.6925048828125, 0.0970458984375, 0.0948486328125, 0.6949462890625, 0.695556640625, 0.095947265625, 0.091796875, 0.6947021484375, 0.69580078125, 0.0963134765625, 0.094970703125, 0.691162109375]"
59,phase-encoding,radius,0.5,True,0.02,0.4148859784394432,"[0.4666748046875, 0.455078125, 0.4541015625, 0.45751953125, 0.463134765625, 0.457275390625, 0.4639892578125, 0.4598388671875, 0.4620361328125, 0.4608154296875, 0.459228515625, 0.465087890625, 0.4591064453125, 0.476318359375, 0.4671630859375, 0.456298828125, 0.464111328125, 0.4649658203125, 0.46630859375, 0.4571533203125]"
60,phase-encoding,radius,0.5,False,0.1,0.4148859784394432,"[0.7032470703125, 0.0980224609375, 0.0904541015625, 0.69677734375, 0.689453125, 0.0955810546875, 0.0980224609375, 0.69921875, 0.6959228515625, 0.0914306640625, 0.1026611328125, 0.689453125, 0.6986083984375, 0.093505859375, 0.097900390625, 0.6959228515625, 0.6942138671875, 0.092041015625, 0.1002197265625, 0.692626953125]"
61,phase-encoding,radius,0.5,True,0.1,0.4148859784394432,"[0.278076171875, 0.2872314453125, 0.27197265625, 0.2913818359375, 0.292236328125, 0.2833251953125, 0.2802734375, 0.2928466796875, 0.2896728515625, 0.28955078125, 0.28271484375, 0.279541015625, 0.2752685546875, 0.29150390625, 0.2784423828125, 0.2806396484375, 0.2850341796875, 0.2825927734375, 0.281494140625, 0.2838134765625]"
62,phase-encoding,radius,0.7,False,0.02,0.4148859784394432,"[0.7012939453125, 0.101806640625, 0.0946044921875, 0.6966552734375, 0.700439453125, 0.0947265625, 0.0933837890625, 0.705078125, 0.698486328125, 0.09326171875, 0.092529296875, 0.6951904296875, 0.69775390625, 0.0926513671875, 0.096435546875, 0.69287109375, 0.69384765625, 0.0877685546875, 0.0849609375, 0.69775390625]"
63,phase-encoding,radius,0.7,True,0.02,0.4148859784394432,"[0.69580078125, 0.6856689453125, 0.684326171875, 0.693603515625, 0.696533203125, 0.687744140625, 0.6884765625, 0.6976318359375, 0.6849365234375, 0.6951904296875, 0.6988525390625, 0.690673828125, 0.6961669921875, 0.6915283203125, 0.6910400390625, 0.688720703125, 0.6983642578125, 0.6881103515625, 0.683837890625, 0.6866455078125]"
64,phase-encoding,radius,0.7,False,0.1,0.4148859784394432,"[0.6881103515625, 0.0941162109375, 0.1026611328125, 0.6968994140625, 0.6949462890625, 0.093017578125, 0.09375, 0.70068359375, 0.698974609375, 0.0928955078125, 0.09716796875, 0.69580078125, 0.6973876953125, 0.09423828125, 0.10205078125, 0.69873046875, 0.6976318359375, 0.0975341796875, 0.0958251953125, 0.7003173828125]"
65,phase-encoding,radius,0.7,True,0.1,0.4148859784394432,"[0.503662109375, 0.5015869140625, 0.51513671875, 0.5106201171875, 0.5050048828125, 0.4998779296875, 0.5084228515625, 0.504150390625, 0.5177001953125, 0.5113525390625, 0.504150390625, 0.5054931640625, 0.5, 0.504638671875, 0.508544921875, 0.5010986328125, 0.5076904296875, 0.5106201171875, 0.5128173828125, 0.499755859375]"
66,phase-encoding,radius,0.9,False,0.02,0.4148859784394432,"[0.7027587890625, 0.0947265625, 0.09619140625, 0.7022705078125, 0.702392578125, 0.08984375, 0.097412109375, 0.690673828125, 0.701904296875, 0.093017578125, 0.0921630859375, 0.6907958984375, 0.7049560546875, 0.0921630859375, 0.0924072265625, 0.69189453125, 0.6959228515625, 0.0911865234375, 0.098388671875, 0.6859130859375]"
67,phase-encoding,radius,0.9,True,0.02,0.4148859784394432,"[0.9071044921875, 0.9102783203125, 0.9072265625, 0.9102783203125, 0.9097900390625, 0.904296875, 0.9073486328125, 0.9063720703125, 0.90234375, 0.9105224609375, 0.9041748046875, 0.9029541015625, 0.9063720703125, 0.9097900390625, 0.9083251953125, 0.9051513671875, 0.9007568359375, 0.904541015625, 0.907958984375, 0.9036865234375]"
68,phase-encoding,radius,0.9,False,0.1,0.4148859784394432,"[0.68505859375, 0.091064453125, 0.0931396484375, 0.6839599609375, 0.6917724609375, 0.0916748046875, 0.1002197265625, 0.700439453125, 0.69140625, 0.0997314453125, 0.098388671875, 0.6990966796875, 0.6927490234375, 0.093505859375, 0.093994140625, 0.6856689453125, 0.687744140625, 0.10009765625, 0.09375, 0.68798828125]"
69,phase-encoding,radius,0.9,True,0.1,0.4148859784394432,"[0.73193359375, 0.73046875, 0.7325439453125, 0.7340087890625, 0.738525390625, 0.73681640625, 0.728271484375, 0.72119140625, 0.7392578125, 0.727294921875, 0.7384033203125, 0.7344970703125, 0.7318115234375, 0.727783203125, 0.734619140625, 0.73046875, 0.7386474609375, 0.731201171875, 0.72998046875, 0.73095703125]"
70,phase-encoding,angleradius,0.3,False,0.02,0.4148859784394432,"[0.2730712890625, 0.2667236328125, 0.8795166015625, 0.0157470703125, 0.274658203125, 0.2708740234375, 0.8895263671875, 0.01611328125, 0.2723388671875, 0.2662353515625, 0.8828125, 0.01611328125, 0.263671875, 0.271484375, 0.8797607421875, 0.0152587890625, 0.2596435546875, 0.2630615234375, 0.8802490234375, 0.0152587890625]"
71,phase-encoding,angleradius,0.3,True,0.02,0.4148859784394432,"[0.3541259765625, 0.93603515625, 0.34326171875, 0.925537109375, 0.3402099609375, 0.9256591796875, 0.3397216796875, 0.926025390625, 0.348388671875, 0.9281005859375, 0.35009765625, 0.925537109375, 0.33984375, 0.92919921875, 0.342041015625, 0.931640625, 0.338623046875, 0.928466796875, 0.3333740234375, 0.9256591796875]"
72,phase-encoding,angleradius,0.3,False,0.1,0.4148859784394432,"[0.041259765625, 0.0369873046875, 0.5919189453125, 0.2109375, 0.038330078125, 0.03662109375, 0.58740234375, 0.20947265625, 0.03857421875, 0.041748046875, 0.592529296875, 0.2103271484375, 0.039306640625, 0.03955078125, 0.600341796875, 0.2081298828125, 0.03662109375, 0.038330078125, 0.584228515625, 0.2017822265625]"
73,phase-encoding,angleradius,0.3,True,0.1,0.4148859784394432,"[0.247314453125, 0.8587646484375, 0.23193359375, 0.8603515625, 0.2518310546875, 0.8641357421875, 0.2451171875, 0.8599853515625, 0.2352294921875, 0.8624267578125, 0.2470703125, 0.8641357421875, 0.2479248046875, 0.862060546875, 0.240478515625, 0.860595703125, 0.236083984375, 0.86083984375, 0.239501953125, 0.8607177734375]"
74,phase-encoding,angleradius,0.5,False,0.02,0.4148859784394432,"[0.4332275390625, 0.44140625, 0.972900390625, 0.0025634765625, 0.4365234375, 0.441650390625, 0.9647216796875, 0.001953125, 0.4461669921875, 0.431640625, 0.9686279296875, 0.0015869140625, 0.4422607421875, 0.4329833984375, 0.967041015625, 0.0025634765625, 0.4378662109375, 0.4498291015625, 0.9720458984375, 0.002197265625]"
75,phase-encoding,angleradius,0.5,True,0.02,0.4148859784394432,"[0.9713134765625, 0.4349365234375, 0.9676513671875, 0.4439697265625, 0.9708251953125, 0.441162109375, 0.971435546875, 0.4427490234375, 0.97119140625, 0.43994140625, 0.9674072265625, 0.439697265625, 0.970458984375, 0.43798828125, 0.9700927734375, 0.4376220703125, 0.9652099609375, 0.4366455078125, 0.9674072265625, 0.44287109375]"
76,phase-encoding,angleradius,0.5,False,0.1,0.4148859784394432,"[0.147216796875, 0.149169921875, 0.769287109375, 0.0762939453125, 0.1474609375, 0.14697265625, 0.759521484375, 0.0751953125, 0.14990234375, 0.1458740234375, 0.7669677734375, 0.0762939453125, 0.1444091796875, 0.1522216796875, 0.7725830078125, 0.0731201171875, 0.153564453125, 0.15185546875, 0.774658203125, 0.0750732421875]"
77,phase-encoding,angleradius,0.5,True,0.1,0.4148859784394432,"[0.968994140625, 0.436767578125, 0.9693603515625, 0.4241943359375, 0.972900390625, 0.444580078125, 0.9737548828125, 0.4337158203125, 0.9676513671875, 0.434326171875, 0.96826171875, 0.4371337890625, 0.9678955078125, 0.4326171875, 0.96826171875, 0.4385986328125, 0.969482421875, 0.4393310546875, 0.9677734375, 0.437744140625]"
78,phase-encoding,angleradius,0.7,False,0.02,0.4148859784394432,"[0.6243896484375, 0.620361328125, 0.9998779296875, 0.052978515625, 0.62841796875, 0.6170654296875, 0.999755859375, 0.0565185546875, 0.628173828125, 0.6297607421875, 0.999755859375, 0.053466796875, 0.6199951171875, 0.6273193359375, 0.9998779296875, 0.054931640625, 0.621826171875, 0.6190185546875, 1.0, 0.0511474609375]"
79,phase-encoding,angleradius,0.7,True,0.02,0.4148859784394432,"[0.9718017578125, 0.43798828125, 0.9698486328125, 0.4346923828125, 0.96630859375, 0.4420166015625, 0.9722900390625, 0.4339599609375, 0.9703369140625, 0.4337158203125, 0.96923828125, 0.435546875, 0.9730224609375, 0.446533203125, 0.9705810546875, 0.433837890625, 0.972412109375, 0.4373779296875, 0.9716796875, 0.4334716796875]"
80,phase-encoding,angleradius,0.7,False,0.1,0.4148859784394432,"[0.528076171875, 0.5225830078125, 0.9930419921875, 0.017822265625, 0.52392578125, 0.5301513671875, 0.9925537109375, 0.01806640625, 0.519287109375, 0.5230712890625, 0.9927978515625, 0.018798828125, 0.52587890625, 0.521484375, 0.9921875, 0.0186767578125, 0.526611328125, 0.5146484375, 0.9918212890625, 0.0194091796875]"
81,phase-encoding,angleradius,0.7,True,0.1,0.4148859784394432,"[0.9696044921875, 0.4395751953125, 0.9722900390625, 0.439697265625, 0.9693603515625, 0.440185546875, 0.9716796875, 0.4405517578125, 0.9700927734375, 0.443603515625, 0.971923828125, 0.4366455078125, 0.97265625, 0.4351806640625, 0.9698486328125, 0.4334716796875, 0.97216796875, 0.4390869140625, 0.96923828125, 0.43896484375]"
82,phase-encoding,angleradius,0.9,False,0.02,0.4148859784394432,"[0.8057861328125, 0.80419921875, 0.17626953125, 0.953857421875, 0.8087158203125, 0.8092041015625, 0.184814453125, 0.9501953125, 0.81591796875, 0.807861328125, 0.1883544921875, 0.9501953125, 0.8131103515625, 0.802490234375, 0.1846923828125, 0.95263671875, 0.80615234375, 0.802978515625, 0.1783447265625, 0.95068359375]"
83,phase-encoding,angleradius,0.9,True,0.02,0.4148859784394432,"[0.9722900390625, 0.4390869140625, 0.969970703125, 0.4403076171875, 0.9713134765625, 0.440185546875, 0.9730224609375, 0.434814453125, 0.970947265625, 0.4346923828125, 0.9700927734375, 0.4432373046875, 0.9735107421875, 0.4425048828125, 0.97265625, 0.4404296875, 0.972412109375, 0.443115234375, 0.9696044921875, 0.43603515625]"
84,phase-encoding,angleradius,0.9,False,0.1,0.4148859784394432,"[0.7041015625, 0.7227783203125, 0.98779296875, 0.1005859375, 0.7218017578125, 0.7197265625, 0.98779296875, 0.10498046875, 0.7093505859375, 0.7147216796875, 0.9869384765625, 0.1063232421875, 0.707275390625, 0.7093505859375, 0.98876953125, 0.1051025390625, 0.7080078125, 0.7078857421875, 0.9876708984375, 0.1077880859375]"
85,phase-encoding,angleradius,0.9,True,0.1,0.4148859784394432,"[0.9671630859375, 0.454833984375, 0.97412109375, 0.4266357421875, 0.9720458984375, 0.44287109375, 0.97119140625, 0.4378662109375, 0.973388671875, 0.4317626953125, 0.9722900390625, 0.440185546875, 0.9716796875, 0.4334716796875, 0.9708251953125, 0.4351806640625, 0.97412109375, 0.4451904296875, 0.969482421875, 0.4422607421875]"
86,phase-encoding,original,0.3,False,0.02,0.0014268805627581,"[0.6298828125, 0.629150390625, 0.6243896484375, 0.6400146484375, 0.6322021484375, 0.6287841796875, 0.6329345703125, 0.6402587890625, 0.633544921875, 0.6285400390625, 0.64111328125, 0.619873046875, 0.62890625, 0.6329345703125, 0.64404296875, 0.6383056640625, 0.6370849609375, 0.6376953125, 0.638671875, 0.636474609375]"
87,phase-encoding,original,0.3,True,0.02,0.0014268805627581,"[0.6337890625, 0.6312255859375, 0.6312255859375, 0.629150390625, 0.63671875, 0.618408203125, 0.6424560546875, 0.63330078125, 0.635498046875, 0.640380859375, 0.627685546875, 0.633056640625, 0.636474609375, 0.6319580078125, 0.642822265625, 0.6365966796875, 0.6270751953125, 0.6376953125, 0.6219482421875, 0.631591796875]"
88,phase-encoding,original,0.3,False,0.1,0.0014268805627581,"[0.6309814453125, 0.633544921875, 0.6358642578125, 0.632568359375, 0.630859375, 0.63427734375, 0.63671875, 0.629150390625, 0.639892578125, 0.632080078125, 0.6358642578125, 0.6326904296875, 0.640869140625, 0.6275634765625, 0.630126953125, 0.631591796875, 0.6331787109375, 0.6309814453125, 0.6295166015625, 0.6334228515625]"
89,phase-encoding,original,0.3,True,0.1,0.0014268805627581,"[0.639404296875, 0.628173828125, 0.6473388671875, 0.6356201171875, 0.636474609375, 0.6412353515625, 0.6246337890625, 0.6331787109375, 0.6319580078125, 0.643798828125, 0.6390380859375, 0.6378173828125, 0.6322021484375, 0.639404296875, 0.634765625, 0.6417236328125, 0.62744140625, 0.632568359375, 0.6376953125, 0.6263427734375]"
90,phase-encoding,original,0.5,False,0.02,0.0014268805627581,"[0.634033203125, 0.63623046875, 0.6396484375, 0.629150390625, 0.6287841796875, 0.63818359375, 0.6365966796875, 0.6396484375, 0.633544921875, 0.633056640625, 0.6346435546875, 0.634521484375, 0.6427001953125, 0.6292724609375, 0.631591796875, 0.643310546875, 0.6278076171875, 0.6229248046875, 0.6409912109375, 0.6217041015625]"
91,phase-encoding,original,0.5,True,0.02,0.0014268805627581,"[0.6373291015625, 0.6326904296875, 0.6341552734375, 0.63330078125, 0.629638671875, 0.63330078125, 0.6346435546875, 0.6312255859375, 0.64404296875, 0.63818359375, 0.633056640625, 0.635986328125, 0.6265869140625, 0.634033203125, 0.625244140625, 0.629150390625, 0.624755859375, 0.6317138671875, 0.6297607421875, 0.626708984375]"
92,phase-encoding,original,0.5,False,0.1,0.0014268805627581,"[0.637451171875, 0.6378173828125, 0.630615234375, 0.635986328125, 0.6209716796875, 0.630615234375, 0.63623046875, 0.6392822265625, 0.6265869140625, 0.642333984375, 0.62890625, 0.6365966796875, 0.6368408203125, 0.6402587890625, 0.6390380859375, 0.63330078125, 0.6275634765625, 0.630126953125, 0.6312255859375, 0.6337890625]"
93,phase-encoding,original,0.5,True,0.1,0.0014268805627581,"[0.6339111328125, 0.63623046875, 0.6339111328125, 0.627685546875, 0.6341552734375, 0.633056640625, 0.6302490234375, 0.625732421875, 0.63623046875, 0.639404296875, 0.63232421875, 0.6339111328125, 0.64306640625, 0.6309814453125, 0.63720703125, 0.6312255859375, 0.641845703125, 0.63671875, 0.630859375, 0.6390380859375]"
94,phase-encoding,original,0.7,False,0.02,0.0014268805627581,"[0.63232421875, 0.636962890625, 0.639404296875, 0.633544921875, 0.63330078125, 0.6405029296875, 0.6258544921875, 0.632568359375, 0.6363525390625, 0.638671875, 0.632568359375, 0.6346435546875, 0.636474609375, 0.64404296875, 0.6375732421875, 0.63330078125, 0.633544921875, 0.6285400390625, 0.6287841796875, 0.6383056640625]"
95,phase-encoding,original,0.7,True,0.02,0.0014268805627581,"[0.6304931640625, 0.62939453125, 0.6468505859375, 0.640869140625, 0.6275634765625, 0.64208984375, 0.63330078125, 0.6278076171875, 0.6429443359375, 0.6356201171875, 0.63916015625, 0.6339111328125, 0.63525390625, 0.6370849609375, 0.642333984375, 0.6409912109375, 0.6336669921875, 0.6331787109375, 0.638671875, 0.640380859375]"
96,phase-encoding,original,0.7,False,0.1,0.0014268805627581,"[0.6378173828125, 0.6368408203125, 0.6290283203125, 0.63720703125, 0.6304931640625, 0.6253662109375, 0.6395263671875, 0.6322021484375, 0.6357421875, 0.634765625, 0.6356201171875, 0.6365966796875, 0.62890625, 0.6260986328125, 0.6300048828125, 0.6370849609375, 0.6397705078125, 0.6370849609375, 0.631103515625, 0.6365966796875]"
97,phase-encoding,original,0.7,True,0.1,0.0014268805627581,"[0.6329345703125, 0.6297607421875, 0.63427734375, 0.6318359375, 0.6365966796875, 0.6396484375, 0.6273193359375, 0.6319580078125, 0.6351318359375, 0.631591796875, 0.642333984375, 0.64111328125, 0.6456298828125, 0.6392822265625, 0.6376953125, 0.6253662109375, 0.6295166015625, 0.634033203125, 0.629150390625, 0.632568359375]"
98,phase-encoding,original,0.9,False,0.02,0.0014268805627581,"[0.63232421875, 0.6427001953125, 0.6378173828125, 0.63037109375, 0.6298828125, 0.6278076171875, 0.6441650390625, 0.628662109375, 0.630615234375, 0.633544921875, 0.640380859375, 0.635986328125, 0.6314697265625, 0.625, 0.6171875, 0.6322021484375, 0.6318359375, 0.6307373046875, 0.6353759765625, 0.633056640625]"
99,phase-encoding,original,0.9,True,0.02,0.0014268805627581,"[0.6368408203125, 0.643798828125, 0.629150390625, 0.6422119140625, 0.628662109375, 0.6334228515625, 0.6385498046875, 0.6412353515625, 0.6357421875, 0.62744140625, 0.632568359375, 0.6419677734375, 0.6387939453125, 0.6322021484375, 0.633056640625, 0.637451171875, 0.63427734375, 0.62890625, 0.6409912109375, 0.6334228515625]"
100,phase-encoding,original,0.9,False,0.1,0.0014268805627581,"[0.6336669921875, 0.6339111328125, 0.64208984375, 0.6383056640625, 0.638671875, 0.6202392578125, 0.640869140625, 0.63916015625, 0.6314697265625, 0.6322021484375, 0.6395263671875, 0.6446533203125, 0.6351318359375, 0.636474609375, 0.6337890625, 0.6280517578125, 0.6356201171875, 0.6275634765625, 0.628662109375, 0.631591796875]"
101,phase-encoding,original,0.9,True,0.1,0.0014268805627581,"[0.6378173828125, 0.63330078125, 0.6334228515625, 0.6297607421875, 0.6365966796875, 0.636474609375, 0.63818359375, 0.642333984375, 0.627685546875, 0.6358642578125, 0.635498046875, 0.630615234375, 0.6456298828125, 0.637939453125, 0.637451171875, 0.639892578125, 0.6435546875, 0.6373291015625, 0.630859375, 0.62841796875]"
102,phase-encoding,angle,0.3,False,0.02,0.0014268805627581,"[0.8646240234375, 0.019287109375, 0.2586669921875, 0.2557373046875, 0.8687744140625, 0.0218505859375, 0.2508544921875, 0.2557373046875, 0.873046875, 0.0191650390625, 0.2503662109375, 0.2615966796875, 0.871826171875, 0.022216796875, 0.253662109375, 0.25732421875, 0.861572265625, 0.0201416015625, 0.25732421875, 0.259033203125]"
103,phase-encoding,angle,0.3,True,0.02,0.0014268805627581,"[0.3948974609375, 0.9542236328125, 0.3941650390625, 0.95458984375, 0.3983154296875, 0.9522705078125, 0.38671875, 0.951416015625, 0.3975830078125, 0.9493408203125, 0.3936767578125, 0.952880859375, 0.4002685546875, 0.9520263671875, 0.3975830078125, 0.9549560546875, 0.3865966796875, 0.9566650390625, 0.389404296875, 0.95703125]"
104,phase-encoding,angle,0.3,False,0.1,0.0014268805627581,"[0.69921875, 0.1285400390625, 0.09912109375, 0.10205078125, 0.693603515625, 0.1302490234375, 0.095947265625, 0.0989990234375, 0.6988525390625, 0.1259765625, 0.098876953125, 0.0966796875, 0.6982421875, 0.125, 0.0958251953125, 0.0916748046875, 0.69482421875, 0.1212158203125, 0.0970458984375, 0.093017578125]"
105,phase-encoding,angle,0.3,True,0.1,0.0014268805627581,"[0.8438720703125, 0.9404296875, 0.8331298828125, 0.92724609375, 0.83056640625, 0.93505859375, 0.83837890625, 0.9393310546875, 0.8387451171875, 0.93408203125, 0.830810546875, 0.936279296875, 0.8284912109375, 0.931640625, 0.83251953125, 0.93701171875, 0.836181640625, 0.93359375, 0.8343505859375, 0.937744140625]"
106,phase-encoding,angle,0.5,False,0.02,0.0014268805627581,"[0.9864501953125, 0.0107421875, 0.497802734375, 0.493896484375, 0.9840087890625, 0.00927734375, 0.4898681640625, 0.4849853515625, 0.98291015625, 0.0087890625, 0.490478515625, 0.498779296875, 0.985595703125, 0.01171875, 0.495849609375, 0.4853515625, 0.9866943359375, 0.009033203125, 0.4853515625, 0.49169921875]"
107,phase-encoding,angle,0.5,True,0.02,0.0014268805627581,"[0.622802734375, 0.999755859375, 0.62060546875, 0.999267578125, 0.6351318359375, 0.999755859375, 0.6312255859375, 0.9996337890625, 0.6158447265625, 0.999755859375, 0.6318359375, 0.9998779296875, 0.63671875, 0.99951171875, 0.630126953125, 0.9993896484375, 0.6236572265625, 0.9998779296875, 0.62451171875, 0.999755859375]"
108,phase-encoding,angle,0.5,False,0.1,0.0014268805627581,"[0.9443359375, 0.00048828125, 0.3760986328125, 0.3782958984375, 0.9443359375, 0.000244140625, 0.3818359375, 0.373046875, 0.9468994140625, 0.000244140625, 0.372802734375, 0.3843994140625, 0.949951171875, 0.0, 0.377197265625, 0.3734130859375, 0.9437255859375, 0.0003662109375, 0.373779296875, 0.372802734375]"
109,phase-encoding,angle,0.5,True,0.1,0.0014268805627581,"[0.9615478515625, 0.7655029296875, 0.9615478515625, 0.7779541015625, 0.969970703125, 0.786376953125, 0.9669189453125, 0.7816162109375, 0.9676513671875, 0.776611328125, 0.9677734375, 0.778564453125, 0.9656982421875, 0.772216796875, 0.968017578125, 0.77783203125, 0.9676513671875, 0.7769775390625, 0.9619140625, 0.7777099609375]"
110,phase-encoding,angle,0.7,False,0.02,0.0014268805627581,"[0.994873046875, 0.089111328125, 0.687744140625, 0.689697265625, 0.9951171875, 0.087890625, 0.6854248046875, 0.6929931640625, 0.993896484375, 0.08740234375, 0.6832275390625, 0.6893310546875, 0.9942626953125, 0.0882568359375, 0.6824951171875, 0.6807861328125, 0.9932861328125, 0.09228515625, 0.680419921875, 0.6888427734375]"
111,phase-encoding,angle,0.7,True,0.02,0.0014268805627581,"[0.780517578125, 0.9647216796875, 0.782470703125, 0.9661865234375, 0.7664794921875, 0.96435546875, 0.77392578125, 0.96435546875, 0.7794189453125, 0.965087890625, 0.78564453125, 0.96630859375, 0.782470703125, 0.961669921875, 0.78662109375, 0.9644775390625, 0.7843017578125, 0.964111328125, 0.7818603515625, 0.966064453125]"
112,phase-encoding,angle,0.7,False,0.1,0.0014268805627581,"[0.981201171875, 0.0067138671875, 0.474609375, 0.4722900390625, 0.9814453125, 0.0069580078125, 0.4744873046875, 0.4716796875, 0.979736328125, 0.007080078125, 0.470947265625, 0.47412109375, 0.9796142578125, 0.0076904296875, 0.4674072265625, 0.4801025390625, 0.978515625, 0.00732421875, 0.4744873046875, 0.45703125]"
113,phase-encoding,angle,0.7,True,0.1,0.0014268805627581,"[0.993408203125, 0.68896484375, 0.9930419921875, 0.6923828125, 0.992431640625, 0.6881103515625, 0.9942626953125, 0.6876220703125, 0.993408203125, 0.6962890625, 0.99462890625, 0.6961669921875, 0.99365234375, 0.686767578125, 0.9932861328125, 0.6854248046875, 0.9927978515625, 0.693359375, 0.9931640625, 0.6907958984375]"
114,phase-encoding,angle,0.9,False,0.02,0.0014268805627581,"[0.8955078125, 0.262939453125, 0.8870849609375, 0.876708984375, 0.8985595703125, 0.2696533203125, 0.8828125, 0.8814697265625, 0.9049072265625, 0.259765625, 0.884521484375, 0.8863525390625, 0.903076171875, 0.280029296875, 0.8837890625, 0.8809814453125, 0.9005126953125, 0.266357421875, 0.884765625, 0.8857421875]"
115,phase-encoding,angle,0.9,True,0.02,0.0014268805627581,"[0.930908203125, 0.8492431640625, 0.928955078125, 0.8511962890625, 0.92919921875, 0.8502197265625, 0.931396484375, 0.84716796875, 0.9224853515625, 0.8455810546875, 0.92333984375, 0.8468017578125, 0.9249267578125, 0.8602294921875, 0.9232177734375, 0.84375, 0.9263916015625, 0.85205078125, 0.93115234375, 0.846923828125]"
116,phase-encoding,angle,0.9,False,0.1,0.0014268805627581,"[0.9102783203125, 0.2501220703125, 0.876953125, 0.8692626953125, 0.9034423828125, 0.257568359375, 0.8739013671875, 0.86962890625, 0.910400390625, 0.2568359375, 0.866455078125, 0.8663330078125, 0.9111328125, 0.2489013671875, 0.86767578125, 0.8734130859375, 0.911376953125, 0.2459716796875, 0.8682861328125, 0.8740234375]"
117,phase-encoding,angle,0.9,True,0.1,0.0014268805627581,"[0.9210205078125, 0.850830078125, 0.91845703125, 0.852294921875, 0.9254150390625, 0.85205078125, 0.920654296875, 0.864013671875, 0.9244384765625, 0.8533935546875, 0.92138671875, 0.8524169921875, 0.9171142578125, 0.8514404296875, 0.9207763671875, 0.85205078125, 0.927734375, 0.859130859375, 0.9224853515625, 0.8509521484375]"
118,phase-encoding,radius,0.3,False,0.02,0.0014268805627581,"[0.6998291015625, 0.0909423828125, 0.0914306640625, 0.7025146484375, 0.6865234375, 0.092041015625, 0.0977783203125, 0.694580078125, 0.6947021484375, 0.09619140625, 0.0921630859375, 0.689697265625, 0.6986083984375, 0.09423828125, 0.0980224609375, 0.6934814453125, 0.6947021484375, 0.0924072265625, 0.091552734375, 0.696533203125]"
119,phase-encoding,radius,0.3,True,0.02,0.0014268805627581,"[0.287841796875, 0.2872314453125, 0.287841796875, 0.2742919921875, 0.2850341796875, 0.284423828125, 0.29052734375, 0.27783203125, 0.2725830078125, 0.2847900390625, 0.276123046875, 0.2857666015625, 0.2734375, 0.2921142578125, 0.2801513671875, 0.2828369140625, 0.285400390625, 0.2813720703125, 0.2799072265625, 0.279541015625]"
120,phase-encoding,radius,0.3,False,0.1,0.0014268805627581,"[0.7000732421875, 0.09130859375, 0.09326171875, 0.694091796875, 0.6954345703125, 0.0936279296875, 0.0989990234375, 0.69775390625, 0.696533203125, 0.0946044921875, 0.097412109375, 0.6907958984375, 0.6982421875, 0.0963134765625, 0.0894775390625, 0.7003173828125, 0.697021484375, 0.0872802734375, 0.090576171875, 0.6934814453125]"
121,phase-encoding,radius,0.3,True,0.1,0.0014268805627581,"[0.27783203125, 0.28466796875, 0.2899169921875, 0.2818603515625, 0.283935546875, 0.2847900390625, 0.2860107421875, 0.2891845703125, 0.2808837890625, 0.2928466796875, 0.2926025390625, 0.2828369140625, 0.2799072265625, 0.2926025390625, 0.2811279296875, 0.28271484375, 0.2816162109375, 0.2869873046875, 0.281494140625, 0.2821044921875]"
122,phase-encoding,radius,0.5,False,0.02,0.0014268805627581,"[0.6939697265625, 0.0992431640625, 0.094970703125, 0.6864013671875, 0.697265625, 0.0897216796875, 0.08984375, 0.6893310546875, 0.6939697265625, 0.099853515625, 0.095947265625, 0.70068359375, 0.6939697265625, 0.0936279296875, 0.0926513671875, 0.6953125, 0.6949462890625, 0.089111328125, 0.0914306640625, 0.69287109375]"
123,phase-encoding,radius,0.5,True,0.02,0.0014268805627581,"[0.458984375, 0.47119140625, 0.4659423828125, 0.455810546875, 0.46484375, 0.4625244140625, 0.462158203125, 0.454345703125, 0.4649658203125, 0.468994140625, 0.4593505859375, 0.4620361328125, 0.459228515625, 0.45751953125, 0.463134765625, 0.4610595703125, 0.4605712890625, 0.451904296875, 0.4576416015625, 0.4715576171875]"
124,phase-encoding,radius,0.5,False,0.1,0.0014268805627581,"[0.701904296875, 0.0938720703125, 0.0914306640625, 0.696044921875, 0.6929931640625, 0.0933837890625, 0.097900390625, 0.69384765625, 0.685302734375, 0.090087890625, 0.09423828125, 0.693603515625, 0.6893310546875, 0.101318359375, 0.096923828125, 0.6932373046875, 0.6917724609375, 0.0947265625, 0.0911865234375, 0.694580078125]"
125,phase-encoding,radius,0.5,True,0.1,0.0014268805627581,"[0.2813720703125, 0.290771484375, 0.285888671875, 0.2845458984375, 0.2822265625, 0.284912109375, 0.2802734375, 0.286865234375, 0.2713623046875, 0.2889404296875, 0.2880859375, 0.2957763671875, 0.2825927734375, 0.2900390625, 0.286376953125, 0.2783203125, 0.2730712890625, 0.2857666015625, 0.2786865234375, 0.2767333984375]"
126,phase-encoding,radius,0.7,False,0.02,0.0014268805627581,"[0.695068359375, 0.095947265625, 0.0947265625, 0.68994140625, 0.6954345703125, 0.0865478515625, 0.0926513671875, 0.695556640625, 0.701416015625, 0.09326171875, 0.091796875, 0.6917724609375, 0.6976318359375, 0.0968017578125, 0.099853515625, 0.7000732421875, 0.6905517578125, 0.0958251953125, 0.0986328125, 0.69873046875]"
127,phase-encoding,radius,0.7,True,0.02,0.0014268805627581,"[0.686767578125, 0.6922607421875, 0.6875, 0.69287109375, 0.6893310546875, 0.693603515625, 0.6947021484375, 0.677734375, 0.700439453125, 0.686279296875, 0.69091796875, 0.6927490234375, 0.684326171875, 0.6895751953125, 0.6910400390625, 0.6845703125, 0.6871337890625, 0.6923828125, 0.6844482421875, 0.692626953125]"
128,phase-encoding,radius,0.7,False,0.1,0.0014268805627581,"[0.6876220703125, 0.0880126953125, 0.0960693359375, 0.6876220703125, 0.7017822265625, 0.09423828125, 0.095458984375, 0.694091796875, 0.6932373046875, 0.0994873046875, 0.0943603515625, 0.6903076171875, 0.6866455078125, 0.0958251953125, 0.0946044921875, 0.6920166015625, 0.6961669921875, 0.093017578125, 0.0921630859375, 0.7015380859375]"
129,phase-encoding,radius,0.7,True,0.1,0.0014268805627581,"[0.5035400390625, 0.495361328125, 0.5084228515625, 0.504638671875, 0.504638671875, 0.50244140625, 0.5111083984375, 0.5140380859375, 0.5196533203125, 0.513427734375, 0.5106201171875, 0.512451171875, 0.508544921875, 0.5157470703125, 0.513671875, 0.5084228515625, 0.506591796875, 0.5126953125, 0.50634765625, 0.5072021484375]"
130,phase-encoding,radius,0.9,False,0.02,0.0014268805627581,"[0.694091796875, 0.08984375, 0.0943603515625, 0.694580078125, 0.7012939453125, 0.09619140625, 0.0931396484375, 0.691162109375, 0.6866455078125, 0.0926513671875, 0.094970703125, 0.69873046875, 0.700439453125, 0.0965576171875, 0.1026611328125, 0.6986083984375, 0.7005615234375, 0.09326171875, 0.093994140625, 0.69482421875]"
131,phase-encoding,radius,0.9,True,0.02,0.0014268805627581,"[0.87646484375, 0.87158203125, 0.8773193359375, 0.880615234375, 0.881103515625, 0.8800048828125, 0.880859375, 0.875732421875, 0.8763427734375, 0.8681640625, 0.8780517578125, 0.881103515625, 0.877685546875, 0.880126953125, 0.8760986328125, 0.86767578125, 0.877685546875, 0.8773193359375, 0.874755859375, 0.87451171875]"
132,phase-encoding,radius,0.9,False,0.1,0.0014268805627581,"[0.6959228515625, 0.095458984375, 0.0948486328125, 0.6982421875, 0.6900634765625, 0.0916748046875, 0.0938720703125, 0.6971435546875, 0.6927490234375, 0.0987548828125, 0.097412109375, 0.7021484375, 0.6932373046875, 0.08935546875, 0.0972900390625, 0.6856689453125, 0.7017822265625, 0.096923828125, 0.087158203125, 0.69189453125]"
133,phase-encoding,radius,0.9,True,0.1,0.0014268805627581,"[0.731689453125, 0.7305908203125, 0.7337646484375, 0.7347412109375, 0.733642578125, 0.7303466796875, 0.7288818359375, 0.72412109375, 0.7271728515625, 0.7303466796875, 0.732177734375, 0.7391357421875, 0.7353515625, 0.734130859375, 0.72705078125, 0.7198486328125, 0.7408447265625, 0.7386474609375, 0.7257080078125, 0.7242431640625]"
134,phase-encoding,angleradius,0.3,False,0.02,0.0014268805627581,"[0.2706298828125, 0.2763671875, 0.8775634765625, 0.015625, 0.2689208984375, 0.2755126953125, 0.8787841796875, 0.0166015625, 0.26513671875, 0.26806640625, 0.8748779296875, 0.0167236328125, 0.26611328125, 0.2733154296875, 0.8843994140625, 0.015869140625, 0.267822265625, 0.2637939453125, 0.8819580078125, 0.013916015625]"
135,phase-encoding,angleradius,0.3,True,0.02,0.0014268805627581,"[0.3427734375, 0.92822265625, 0.343017578125, 0.9259033203125, 0.3472900390625, 0.9273681640625, 0.33349609375, 0.9306640625, 0.336669921875, 0.9276123046875, 0.3446044921875, 0.9271240234375, 0.3402099609375, 0.9334716796875, 0.35205078125, 0.9287109375, 0.3465576171875, 0.9281005859375, 0.3466796875, 0.929931640625]"
136,phase-encoding,angleradius,0.3,False,0.1,0.0014268805627581,"[0.038330078125, 0.041015625, 0.5902099609375, 0.212890625, 0.0413818359375, 0.0369873046875, 0.591796875, 0.215576171875, 0.041015625, 0.0377197265625, 0.5853271484375, 0.2080078125, 0.0396728515625, 0.0369873046875, 0.5908203125, 0.2069091796875, 0.0380859375, 0.0435791015625, 0.5916748046875, 0.2110595703125]"
137,phase-encoding,angleradius,0.3,True,0.1,0.0014268805627581,"[0.2388916015625, 0.8575439453125, 0.2481689453125, 0.8582763671875, 0.2431640625, 0.8585205078125, 0.2391357421875, 0.8619384765625, 0.2486572265625, 0.8642578125, 0.242919921875, 0.868408203125, 0.236328125, 0.86328125, 0.2354736328125, 0.8565673828125, 0.2366943359375, 0.8636474609375, 0.2431640625, 0.85986328125]"
138,phase-encoding,angleradius,0.5,False,0.02,0.0014268805627581,"[0.438720703125, 0.4366455078125, 0.9725341796875, 0.001708984375, 0.4395751953125, 0.4285888671875, 0.9697265625, 0.0018310546875, 0.4298095703125, 0.4261474609375, 0.9677734375, 0.0023193359375, 0.4334716796875, 0.4420166015625, 0.972900390625, 0.002685546875, 0.434814453125, 0.43505859375, 0.970703125, 0.002685546875]"
139,phase-encoding,angleradius,0.5,True,0.02,0.0014268805627581,"[0.9683837890625, 0.4361572265625, 0.966552734375, 0.436767578125, 0.9713134765625, 0.438232421875, 0.9713134765625, 0.443603515625, 0.97314453125, 0.4298095703125, 0.969970703125, 0.4407958984375, 0.9715576171875, 0.445068359375, 0.9674072265625, 0.43798828125, 0.969970703125, 0.443603515625, 0.9727783203125, 0.4466552734375]"
140,phase-encoding,angleradius,0.5,False,0.1,0.0014268805627581,"[0.1524658203125, 0.146240234375, 0.763916015625, 0.0723876953125, 0.1507568359375, 0.1456298828125, 0.77783203125, 0.0760498046875, 0.1485595703125, 0.1553955078125, 0.7769775390625, 0.076904296875, 0.1539306640625, 0.1446533203125, 0.77490234375, 0.0726318359375, 0.14453125, 0.150634765625, 0.764892578125, 0.072265625]"
141,phase-encoding,angleradius,0.5,True,0.1,0.0014268805627581,"[0.97021484375, 0.4459228515625, 0.9708251953125, 0.4417724609375, 0.9730224609375, 0.4439697265625, 0.9696044921875, 0.437744140625, 0.974609375, 0.4427490234375, 0.9718017578125, 0.44189453125, 0.97216796875, 0.44482421875, 0.968017578125, 0.4423828125, 0.96826171875, 0.4376220703125, 0.9705810546875, 0.436767578125]"
142,phase-encoding,angleradius,0.7,False,0.02,0.0014268805627581,"[0.6240234375, 0.6236572265625, 0.99951171875, 0.0577392578125, 0.6275634765625, 0.622314453125, 0.9996337890625, 0.05419921875, 0.62109375, 0.6304931640625, 0.999755859375, 0.053466796875, 0.6314697265625, 0.621826171875, 0.9996337890625, 0.0546875, 0.6318359375, 0.6314697265625, 1.0, 0.05322265625]"
143,phase-encoding,angleradius,0.7,True,0.02,0.0014268805627581,"[0.9713134765625, 0.43408203125, 0.9691162109375, 0.439697265625, 0.970703125, 0.43408203125, 0.96923828125, 0.4317626953125, 0.969970703125, 0.4400634765625, 0.9686279296875, 0.43701171875, 0.9686279296875, 0.4329833984375, 0.9727783203125, 0.4447021484375, 0.9696044921875, 0.445556640625, 0.9703369140625, 0.4395751953125]"
144,phase-encoding,angleradius,0.7,False,0.1,0.0014268805627581,"[0.5272216796875, 0.527587890625, 0.9918212890625, 0.015869140625, 0.51708984375, 0.5208740234375, 0.992431640625, 0.0189208984375, 0.523681640625, 0.5238037109375, 0.992431640625, 0.022705078125, 0.525634765625, 0.522216796875, 0.9915771484375, 0.0159912109375, 0.5291748046875, 0.5281982421875, 0.9920654296875, 0.017822265625]"
145,phase-encoding,angleradius,0.7,True,0.1,0.0014268805627581,"[0.9691162109375, 0.429443359375, 0.96923828125, 0.430908203125, 0.970458984375, 0.446044921875, 0.9716796875, 0.43701171875, 0.9700927734375, 0.4420166015625, 0.96826171875, 0.4398193359375, 0.9691162109375, 0.4300537109375, 0.971923828125, 0.430419921875, 0.9705810546875, 0.4385986328125, 0.96826171875, 0.4422607421875]"
146,phase-encoding,angleradius,0.9,False,0.02,0.0014268805627581,"[0.8126220703125, 0.8048095703125, 0.1859130859375, 0.9525146484375, 0.8052978515625, 0.8115234375, 0.18212890625, 0.9521484375, 0.8018798828125, 0.81103515625, 0.1773681640625, 0.9537353515625, 0.8004150390625, 0.8037109375, 0.185302734375, 0.9554443359375, 0.8057861328125, 0.80029296875, 0.1796875, 0.949462890625]"
147,phase-encoding,angleradius,0.9,True,0.02,0.0014268805627581,"[0.965087890625, 0.4405517578125, 0.971435546875, 0.44189453125, 0.9700927734375, 0.440185546875, 0.96826171875, 0.4359130859375, 0.9732666015625, 0.4365234375, 0.966552734375, 0.439208984375, 0.973388671875, 0.4354248046875, 0.9693603515625, 0.4385986328125, 0.9677734375, 0.4429931640625, 0.96728515625, 0.435302734375]"
148,phase-encoding,angleradius,0.9,False,0.1,0.0014268805627581,"[0.7159423828125, 0.71923828125, 0.9884033203125, 0.100341796875, 0.7178955078125, 0.71630859375, 0.9891357421875, 0.1053466796875, 0.7166748046875, 0.7120361328125, 0.9874267578125, 0.1009521484375, 0.72509765625, 0.7099609375, 0.9886474609375, 0.1024169921875, 0.7197265625, 0.7088623046875, 0.9871826171875, 0.1036376953125]"
149,phase-encoding,angleradius,0.9,True,0.1,0.0014268805627581,"[0.9698486328125, 0.4364013671875, 0.970703125, 0.440185546875, 0.9688720703125, 0.43408203125, 0.969970703125, 0.43408203125, 0.9688720703125, 0.4447021484375, 0.9757080078125, 0.4334716796875, 0.9703369140625, 0.4468994140625, 0.971923828125, 0.4437255859375, 0.96923828125, 0.443359375, 0.970703125, 0.4437255859375]"
0,Encoding,original,0.1,False,0.02,"[0.4384092314408935, 0.7234651778309412]","[1.0, 1.0, 1.0, 1.0, 1.0, 1.0, 1.0, 1.0, 1.0, 1.0, 1.0, 1.0, 1.0, 1.0, 1.0, 1.0, 1.0, 1.0, 1.0, 1.0]"
1,Encoding,original,0.1,True,0.02,"[0.4384092314408935, 0.7234651778309412]","[0.1278076171875, 0.126220703125, 0.8624267578125, 0.87255859375, 0.1336669921875, 0.1326904296875, 0.8668212890625, 0.8675537109375, 0.1309814453125, 0.1304931640625, 0.8677978515625, 0.87060546875, 0.126708984375, 0.130859375, 0.8665771484375, 0.868896484375, 0.1343994140625, 0.13232421875, 0.8699951171875, 0.8651123046875]"
2,Encoding,original,0.1,False,0.1,"[0.4384092314408935, 0.7234651778309412]","[1.0, 1.0, 1.0, 1.0, 1.0, 1.0, 1.0, 1.0, 1.0, 1.0, 1.0, 1.0, 1.0, 1.0, 1.0, 1.0, 1.0, 1.0, 1.0, 1.0]"
3,Encoding,original,0.1,True,0.1,"[0.4384092314408935, 0.7234651778309412]","[0.2066650390625, 0.2060546875, 0.78173828125, 0.7987060546875, 0.206298828125, 0.2086181640625, 0.7900390625, 0.800537109375, 0.2125244140625, 0.205078125, 0.787353515625, 0.797119140625, 0.209716796875, 0.2064208984375, 0.792236328125, 0.7916259765625, 0.20751953125, 0.2042236328125, 0.79296875, 0.7901611328125]"
4,Encoding,original,0.3,False,0.02,"[0.4384092314408935, 0.7234651778309412]","[1.0, 1.0, 1.0, 1.0, 1.0, 1.0, 1.0, 1.0, 1.0, 1.0, 1.0, 1.0, 1.0, 1.0, 1.0, 1.0, 1.0, 1.0, 1.0, 1.0]"
5,Encoding,original,0.3,True,0.02,"[0.4384092314408935, 0.7234651778309412]","[0.33642578125, 0.3272705078125, 0.664794921875, 0.6605224609375, 0.318603515625, 0.3392333984375, 0.65966796875, 0.6708984375, 0.328369140625, 0.333984375, 0.6636962890625, 0.66748046875, 0.3271484375, 0.32177734375, 0.66162109375, 0.664794921875, 0.3289794921875, 0.333251953125, 0.66455078125, 0.6650390625]"
6,Encoding,original,0.3,False,0.1,"[0.4384092314408935, 0.7234651778309412]","[1.0, 1.0, 1.0, 1.0, 1.0, 1.0, 1.0, 1.0, 1.0, 1.0, 1.0, 1.0, 1.0, 1.0, 1.0, 1.0, 1.0, 1.0, 1.0, 1.0]"
7,Encoding,original,0.3,True,0.1,"[0.4384092314408935, 0.7234651778309412]","[0.3458251953125, 0.352294921875, 0.64111328125, 0.642578125, 0.3519287109375, 0.3409423828125, 0.6439208984375, 0.652587890625, 0.3565673828125, 0.3515625, 0.648193359375, 0.648193359375, 0.355712890625, 0.344482421875, 0.649658203125, 0.6475830078125, 0.35546875, 0.3546142578125, 0.65087890625, 0.6488037109375]"
8,Encoding,original,0.5,False,0.02,"[0.4384092314408935, 0.7234651778309412]","[1.0, 1.0, 1.0, 1.0, 1.0, 1.0, 1.0, 1.0, 1.0, 1.0, 1.0, 1.0, 1.0, 1.0, 1.0, 1.0, 1.0, 1.0, 1.0, 1.0]"
9,Encoding,original,0.5,True,0.02,"[0.4384092314408935, 0.7234651778309412]","[0.9810791015625, 0.97900390625, 0, 0, 0.9820556640625, 0.9786376953125, 0, 0, 0.9820556640625, 0.9801025390625, 0, 0, 0.9788818359375, 0.97998046875, 0, 0, 0.9793701171875, 0.979248046875, 0, 0]"
10,Encoding,original,0.5,False,0.1,"[0.4384092314408935, 0.7234651778309412]","[1.0, 1.0, 1.0, 1.0, 1.0, 1.0, 1.0, 1.0, 1.0, 1.0, 1.0, 1.0, 1.0, 1.0, 1.0, 1.0, 1.0, 1.0, 1.0, 1.0]"
11,Encoding,original,0.5,True,0.1,"[0.4384092314408935, 0.7234651778309412]","[0, 0.5108642578125, 0.57275390625, 0.576171875, 0, 0, 0.5048828125, 0.556396484375, 0, 0.5008544921875, 0.567626953125, 0.5692138671875, 0, 0.5006103515625, 0.57080078125, 0.565185546875, 0.5010986328125, 0.5035400390625, 0.5623779296875, 0.555908203125]"
12,Encoding,original,0.7,False,0.02,"[0.4384092314408935, 0.7234651778309412]","[1.0, 1.0, 1.0, 1.0, 1.0, 1.0, 1.0, 1.0, 1.0, 1.0, 1.0, 1.0, 1.0, 1.0, 1.0, 1.0, 1.0, 1.0, 1.0, 1.0]"
13,Encoding,original,0.7,True,0.02,"[0.4384092314408935, 0.7234651778309412]","[0.9932861328125, 0.9935302734375, 0, 0, 0.9923095703125, 0.9947509765625, 0, 0, 0.9918212890625, 0.9927978515625, 0, 0, 0.99365234375, 0.994384765625, 0, 0, 0.9947509765625, 0.9937744140625, 0, 0]"
14,Encoding,original,0.7,False,0.1,"[0.4384092314408935, 0.7234651778309412]","[1.0, 1.0, 1.0, 1.0, 1.0, 1.0, 1.0, 1.0, 1.0, 1.0, 1.0, 1.0, 1.0, 1.0, 1.0, 1.0, 1.0, 1.0, 1.0, 1.0]"
15,Encoding,original,0.7,True,0.1,"[0.4384092314408935, 0.7234651778309412]","[0, 0, 0, 0, 0, 0, 0, 0, 0, 0, 0, 0, 0, 0, 0, 0, 0, 0, 0, 0]"
16,Encoding,original,0.8,False,0.02,"[0.4384092314408935, 0.7234651778309412]","[1.0, 1.0, 1.0, 1.0, 1.0, 1.0, 1.0, 1.0, 1.0, 1.0, 1.0, 1.0, 1.0, 1.0, 1.0, 1.0, 1.0, 1.0, 1.0, 1.0]"
17,Encoding,original,0.8,True,0.02,"[0.4384092314408935, 0.7234651778309412]","[0.9732666015625, 0.9698486328125, 0, 0, 0.97265625, 0.9727783203125, 0, 0, 0.972412109375, 0.9688720703125, 0, 0, 0.9683837890625, 0.968505859375, 0, 0, 0.97412109375, 0.9710693359375, 0, 0]"
18,Encoding,original,0.8,False,0.1,"[0.4384092314408935, 0.7234651778309412]","[1.0, 1.0, 1.0, 1.0, 1.0, 1.0, 1.0, 1.0, 1.0, 1.0, 1.0, 1.0, 1.0, 1.0, 1.0, 1.0, 1.0, 1.0, 1.0, 1.0]"
19,Encoding,original,0.8,True,0.1,"[0.4384092314408935, 0.7234651778309412]","[0, 0, 0, 0, 0, 0, 0, 0, 0, 0, 0, 0, 0, 0, 0, 0, 0, 0, 0, 0]"
