model,phase_strategy,bias,threshold,lr,avg_error,trained_weights,initial_weights,neuron_outputs
phase-encoding,original,False,0.7,0.02,0.0,"[-1.1771834632037688, 0.9626079731921684, 2.712794022122595, 0.013788545117439075]","[0.6778165367962301, 0.27000797319216485, 0.7351940221225949, 0.9621885451174382]","[0, 1, 0, 1, 1, 0, 0, 0, 1, 0, 1, 1, 0, 0, 0, 1, 0, 1, 1, 0, 0, 0, 1, 0, 1, 1, 0, 0, 0, 1, 0, 1, 1, 0, 0, 0, 1, 0, 1, 1, 0, 0, 0, 1, 0, 1, 1, 0, 0, 0, 1, 0, 1, 1, 0, 0, 0, 1, 0, 1, 1, 0, 0, 0, 1, 0, 1, 1, 0, 0]"
phase-encoding,original,False,0.8,0.1,0.0,"[-5.953999999999988, 7.02400000000001, 9.976999999999986, -3.5759999999999947]","[0.5, 0.5, 0.5, 0.5]","[0, 1, 0, 1, 1, 0, 0, 0, 1, 0, 1, 1, 0, 0, 0, 1, 0, 1, 1, 0, 0, 0, 1, 0, 1, 1, 0, 0, 0, 1, 0, 1, 1, 0, 0, 0, 1, 0, 1, 1, 0, 0, 0, 1, 0, 1, 1, 0, 0, 0, 1, 0, 1, 1, 0, 0, 0, 1, 0, 1, 1, 0, 0, 0, 1, 0, 1, 1, 0, 0]"
phase-encoding,angleradius,False,0.3,0.1,0.0,"[0.935721157810749, 5.321908468092902, 11.972679171853086, -1.3349601389999521, 5.153296050600325, -5.275191872400957]",0.4384092314408935,"[0, 1, 0, 1, 1, 0, 0, 0, 1, 0, 1, 1, 0, 0, 0, 1, 0, 1, 1, 0, 0, 0, 1, 0, 1, 1, 0, 0, 0, 1, 0, 1, 1, 0, 0, 0, 1, 0, 1, 1, 0, 0, 0, 1, 0, 1, 1, 0, 0, 0, 1, 0, 1, 1, 0, 0, 0, 1, 0, 1, 1, 0, 0, 0, 1, 0, 1, 1, 0, 0]"
phase-encoding,original,False,0.8,0.02,0.0,"[-1.1785999999999992, 1.281599999999996, 2.4338, -0.4884000000000003]","[0.5, 0.5, 0.5, 0.5]","[0, 1, 0, 1, 1, 0, 0, 0, 1, 0, 1, 1, 0, 0, 0, 1, 0, 1, 1, 0, 0, 0, 1, 0, 1, 1, 0, 0, 0, 1, 0, 1, 1, 0, 0, 0, 1, 0, 1, 1, 0, 0, 0, 1, 0, 1, 1, 0, 0, 0, 1, 0, 1, 1, 0, 0, 0, 1, 0, 1, 1, 0, 0, 0, 1, 0, 1, 1, 0, 0]"
phase-encoding,original,False,0.7,0.1,0.0,"[-9.214183463203758, 3.662007973192159, 10.263194022122576, -3.323811454882558]","[0.6778165367962301, 0.27000797319216485, 0.7351940221225949, 0.9621885451174382]","[0, 1, 0, 1, 1, 0, 0, 0, 1, 0, 1, 1, 0, 0, 0, 1, 0, 1, 1, 0, 0, 0, 1, 0, 1, 1, 0, 0, 0, 1, 0, 1, 1, 0, 0, 0, 1, 0, 1, 1, 0, 0, 0, 1, 0, 1, 1, 0, 0, 0, 1, 0, 1, 1, 0, 0, 0, 1, 0, 1, 1, 0, 0, 0, 1, 0, 1, 1, 0, 0]"
phase-encoding,angleradius,False,0.3,0.02,0.0,"[1.084461116133697, 2.269019704464578, 4.661406853139644, 0.09440267403327615, 2.7819392514930676, -1.3587296794723827]","[0.5, 0.5, 0.5, 0.5]","[0, 1, 0, 1, 1, 0, 0, 0, 1, 0, 1, 1, 0, 0, 0, 1, 0, 1, 1, 0, 0, 0, 1, 0, 1, 1, 0, 0, 0, 1, 0, 1, 1, 0, 0, 0, 1, 0, 1, 1, 0, 0, 0, 1, 0, 1, 1, 0, 0, 0, 1, 0, 1, 1, 0, 0, 0, 1, 0, 1, 1, 0, 0, 0, 1, 0, 1, 1, 0, 0]"
phase-encoding,angleradius,False,0.7,0.1,0.1429,"[-5.55612904891175, -3.0267920035741054, 9.917466560057209, -1.2337276237075634, -5.742493766924091, -1.8747789364339364]",0.7799187922401146,"[0, 0, 0, 1, 1, 0, 0, 0, 0, 0, 1, 1, 0, 0, 0, 0, 0, 1, 1, 0, 0, 0, 0, 0, 1, 1, 0, 0, 0, 0, 0, 1, 1, 0, 0, 0, 0, 0, 1, 1, 0, 0, 0, 0, 0, 1, 1, 0, 0, 0, 0, 0, 1, 1, 0, 0, 0, 0, 0, 1, 1, 0, 0, 0, 0, 0, 1, 1, 0, 0]"
phase-encoding,radius,False,0.8,0.02,0.1429,"[-0.26893380262679695, -0.09706141646546519, -0.28363142892819476, -0.2807479557046033]",0.7799187922401146,"[0, 1, 0, 0, 1, 0, 0, 0, 1, 0, 0, 1, 0, 0, 0, 1, 0, 0, 1, 0, 0, 0, 1, 0, 0, 1, 0, 0, 0, 1, 0, 0, 1, 0, 0, 0, 1, 0, 0, 1, 0, 0, 0, 1, 0, 0, 1, 0, 0, 0, 1, 0, 0, 1, 0, 0, 0, 1, 0, 0, 1, 0, 0, 0, 1, 0, 0, 1, 0, 0]"
phase-encoding,radius,False,0.8,0.1,0.1429,"[-0.4296180157821289, -0.16509487743467088, -0.4689897462987679, -0.491399857954533]",0.4384092314408935,"[0, 1, 0, 0, 1, 0, 0, 0, 1, 0, 0, 1, 0, 0, 0, 1, 0, 0, 1, 0, 0, 0, 1, 0, 0, 1, 0, 0, 0, 1, 0, 0, 1, 0, 0, 0, 1, 0, 0, 1, 0, 0, 0, 1, 0, 0, 1, 0, 0, 0, 1, 0, 0, 1, 0, 0, 0, 1, 0, 0, 1, 0, 0, 0, 1, 0, 0, 1, 0, 0]"
phase-encoding,angleradius,False,0.7,0.02,0.1429,"[-1.0438457393859, 0.006463399830508414, 2.205814624194311, 0.3343789634289833, -0.35179654418069195, 0.5332309539988654]",0.0763082893739571,"[0, 0, 0, 1, 1, 0, 0, 0, 0, 0, 1, 1, 0, 0, 0, 0, 0, 1, 1, 0, 0, 0, 0, 0, 1, 1, 0, 0, 0, 0, 0, 1, 1, 0, 0, 0, 0, 0, 1, 1, 0, 0, 0, 0, 0, 1, 1, 0, 0, 0, 0, 0, 1, 1, 0, 0, 0, 0, 0, 1, 1, 0, 0, 0, 0, 0, 1, 1, 0, 0]"
phase-encoding,angleradius,False,0.5,0.1,0.1429,"[-1.1691674641790721, 0.9316261483512552, 10.300313445771138, -1.0616352129494493, 0.2913693975403746, -2.732314133488602]","[0.6778165367962301, 0.27000797319216485, 0.7351940221225949, 0.9621885451174382]","[0, 0, 0, 1, 1, 0, 0, 0, 0, 0, 1, 1, 0, 0, 0, 0, 0, 1, 1, 0, 0, 0, 0, 0, 1, 1, 0, 0, 0, 0, 0, 1, 1, 0, 0, 0, 0, 0, 1, 1, 0, 0, 0, 0, 0, 1, 1, 0, 0, 0, 0, 0, 1, 1, 0, 0, 0, 0, 0, 1, 1, 0, 0, 0, 0, 0, 1, 1, 0, 0]"
phase-encoding,angle,True,0.3,0.02,0.1429,"[5.190754195647607, -0.38461313460715346, -1.8112764487243496, -1.831066474205315, -6.126480662709761, -0.3668502331569167, 1.0, 1.0]","[0.24875314351995803, 0.5761573344178369, 0.592041931271839, 0.5722519057908734]","[0, 1, 0, 1, 1, 0, 1, 0, 1, 0, 1, 1, 0, 1, 0, 1, 0, 1, 1, 0, 1, 0, 1, 0, 1, 1, 0, 1, 0, 1, 0, 1, 1, 0, 1, 0, 1, 0, 1, 1, 0, 1, 0, 1, 0, 1, 1, 0, 1, 0, 1, 0, 1, 1, 0, 1, 0, 1, 0, 1, 1, 0, 1, 0, 1, 0, 1, 1, 0, 1]"
phase-encoding,original,False,0.3,0.02,0.1429,"[-1.9854000000000034, 1.1580000000000001, 1.6867999999999943, -2.264799999999998]","[0.5, 0.5, 0.5, 0.5]","[0, 1, 1, 1, 1, 0, 0, 0, 1, 1, 1, 1, 0, 0, 0, 1, 1, 1, 1, 0, 0, 0, 1, 1, 1, 1, 0, 0, 0, 1, 1, 1, 1, 0, 0, 0, 1, 1, 1, 1, 0, 0, 0, 1, 1, 1, 1, 0, 0, 0, 1, 1, 1, 1, 0, 0, 0, 1, 1, 1, 1, 0, 0, 0, 1, 1, 1, 1, 0, 0]"
phase-encoding,angle,True,0.3,0.1,0.1429,"[26.572797875141337, -1.920182020196509, -1.9212321915999953, -1.941022217080961, -5.627447865746694, -0.6099911339096507, 1.0, 1.0]","[0.24875314351995803, 0.5761573344178369, 0.592041931271839, 0.5722519057908734]","[0, 1, 0, 0, 1, 0, 0, 0, 1, 0, 0, 1, 0, 0, 0, 1, 0, 0, 1, 0, 0, 0, 1, 0, 0, 1, 0, 0, 0, 1, 0, 0, 1, 0, 0, 0, 1, 0, 0, 1, 0, 0, 0, 1, 0, 0, 1, 0, 0, 0, 1, 0, 0, 1, 0, 0, 0, 1, 0, 0, 1, 0, 0, 0, 1, 0, 0, 1, 0, 0]"
phase-encoding,angleradius,False,0.8,0.02,0.1429,"[-1.1609140954860857, -0.08633746223445254, 2.301961618356092, 0.26959782073627286, -0.5011852987775488, 0.4814069689933979]",0.4384092314408935,"[0, 0, 0, 1, 1, 0, 0, 0, 0, 0, 1, 1, 0, 0, 0, 0, 0, 1, 1, 0, 0, 0, 0, 0, 1, 1, 0, 0, 0, 0, 0, 1, 1, 0, 0, 0, 0, 0, 1, 1, 0, 0, 0, 0, 0, 1, 1, 0, 0, 0, 0, 0, 1, 1, 0, 0, 0, 0, 0, 1, 1, 0, 0, 0, 0, 0, 1, 1, 0, 0]"
phase-encoding,angleradius,False,0.8,0.1,0.1429,"[-4.270680430879646, -2.5830648462786887, 11.511179567225017, -0.9098524949872068, -4.491076977740764, -3.284824344115189]","[0.24875314351995803, 0.5761573344178369, 0.592041931271839, 0.5722519057908734]","[0, 0, 0, 1, 1, 0, 0, 0, 0, 0, 1, 1, 0, 0, 0, 0, 0, 1, 1, 0, 0, 0, 0, 0, 1, 1, 0, 0, 0, 0, 0, 1, 1, 0, 0, 0, 0, 0, 1, 1, 0, 0, 0, 0, 0, 1, 1, 0, 0, 0, 0, 0, 1, 1, 0, 0, 0, 0, 0, 1, 1, 0, 0, 0, 0, 0, 1, 1, 0, 0]"
phase-encoding,original,False,0.5,0.02,0.1429,"[-0.08200085066126465, 0.11892436229765366, 0.2568773586431155, -0.2744288870017667]",0.4384092314408935,"[0, 1, 0, 1, 1, 0, 1, 0, 1, 0, 1, 1, 0, 1, 0, 1, 0, 1, 1, 0, 1, 0, 1, 0, 1, 1, 0, 1, 0, 1, 0, 1, 1, 0, 1, 0, 1, 0, 1, 1, 0, 1, 0, 1, 0, 1, 1, 0, 1, 0, 1, 0, 1, 1, 0, 1, 0, 1, 0, 1, 1, 0, 1, 0, 1, 0, 1, 1, 0, 1]"
phase-encoding,angle,True,0.5,0.02,0.1429,"[4.738298972546463, 0.19662990180929676, -1.9055242283320428, -1.9253142538130086, -6.277852933903293, -0.44759187868400485, 1.0, 1.0]","[0.24875314351995803, 0.5761573344178369, 0.592041931271839, 0.5722519057908734]","[0, 1, 0, 0, 1, 0, 0, 0, 1, 0, 0, 1, 0, 0, 0, 1, 0, 0, 1, 0, 0, 0, 1, 0, 0, 1, 0, 0, 0, 1, 0, 0, 1, 0, 0, 0, 1, 0, 0, 1, 0, 0, 0, 1, 0, 0, 1, 0, 0, 0, 1, 0, 0, 1, 0, 0, 0, 1, 0, 0, 1, 0, 0, 0, 1, 0, 0, 1, 0, 0]"
phase-encoding,original,False,0.3,0.1,0.1429,"[-3.4706917106260438, 2.101918792240113, 2.9584092314408954, -7.60353482216906]",0.0763082893739571,"[0, 1, 1, 1, 1, 0, 0, 0, 1, 1, 1, 1, 0, 0, 0, 1, 1, 1, 1, 0, 0, 0, 1, 1, 1, 1, 0, 0, 0, 1, 1, 1, 1, 0, 0, 0, 1, 1, 1, 1, 0, 0, 0, 1, 1, 1, 1, 0, 0, 0, 1, 1, 1, 1, 0, 0, 0, 1, 1, 1, 1, 0, 0, 0, 1, 1, 1, 1, 0, 0]"
phase-encoding,angleradius,False,0.1,0.1,0.1429,"[11.707215031494966, 19.97055734493557, 29.795586765818378, -2.6941678686241173, 23.945265722876705, -15.231369184538691]","[0.24875314351995803, 0.5761573344178369, 0.592041931271839, 0.5722519057908734]","[0, 1, 0, 1, 1, 1, 0, 0, 1, 0, 1, 1, 1, 0, 0, 1, 0, 1, 1, 1, 0, 0, 1, 0, 1, 1, 1, 0, 0, 1, 0, 1, 1, 1, 0, 0, 1, 0, 1, 1, 1, 0, 0, 1, 0, 1, 1, 1, 0, 0, 1, 0, 1, 1, 1, 0, 0, 1, 0, 1, 1, 1, 0, 0, 1, 0, 1, 1, 1, 0]"
phase-encoding,original,False,0.5,0.1,0.1429,"[-5.36999999999999, 3.101999999999999, 6.371999999999998, -12.979000000000017]","[0.5, 0.5, 0.5, 0.5]","[0, 1, 1, 1, 1, 0, 0, 0, 1, 1, 1, 1, 0, 0, 0, 1, 1, 1, 1, 0, 0, 0, 1, 1, 1, 1, 0, 0, 0, 1, 1, 1, 1, 0, 0, 0, 1, 1, 1, 1, 0, 0, 0, 1, 1, 1, 1, 0, 0, 0, 1, 1, 1, 1, 0, 0, 0, 1, 1, 1, 1, 0, 0, 0, 1, 1, 1, 1, 0, 0]"
phase-encoding,original,True,0.5,0.1,0.1429,"[-2.4656917106260408, 2.7249187922401115, 2.08940923144089, -2.6345348221690568, -11.899999999999974, -11.899999999999974, -11.899999999999974, -11.899999999999974]",0.7234651778309412,"[0, 1, 0, 0, 1, 0, 0, 0, 1, 0, 0, 1, 0, 0, 0, 1, 0, 0, 1, 0, 0, 0, 1, 0, 0, 1, 0, 0, 0, 1, 0, 0, 1, 0, 0, 0, 1, 0, 0, 1, 0, 0, 0, 1, 0, 0, 1, 0, 0, 0, 1, 0, 0, 1, 0, 0, 0, 1, 0, 0, 1, 0, 0, 0, 1, 0, 0, 1, 0, 0]"
phase-encoding,original,True,0.3,0.1,0.15718,"[-2.288691710626039, 0.19991879224011438, 1.8314092314408918, -4.861534822169059, -0.3999999999999999, -0.3999999999999999, -0.3999999999999999, -0.3999999999999999]",0.0763082893739571,"[0, 1, 0, 0, 1, 0, 0, 0, 1, 0, 0, 1, 1, 0, 0, 1, 0, 0, 1, 0, 0, 0, 1, 0, 0, 1, 0, 0, 0, 1, 0, 0, 1, 0, 0, 0, 1, 0, 0, 1, 0, 0, 0, 1, 0, 0, 1, 0, 0, 0, 1, 0, 1, 1, 1, 0, 0, 1, 0, 1, 1, 1, 0, 0, 1, 0, 0, 1, 0, 0]"
phase-encoding,angle,True,0.1,0.02,0.20002,"[4.808867787794886, 0.18364354223240772, 0.2150508128410634, 0.19526078736009778, 0.10533157691588982, 0.7382163130199515, 1.0, 1.0]","[0.24875314351995803, 0.5761573344178369, 0.592041931271839, 0.5722519057908734]","[0, 1, 0, 0, 1, 0, 1, 0, 1, 0, 0, 1, 0, 1, 0, 1, 0, 0, 1, 0, 0, 0, 1, 0, 0, 1, 0, 0, 0, 1, 0, 0, 1, 0, 0, 0, 1, 0, 0, 1, 0, 0, 0, 1, 0, 0, 1, 0, 1, 0, 1, 0, 0, 1, 0, 0, 0, 1, 0, 0, 1, 0, 0, 0, 1, 0, 0, 1, 0, 1]"
phase-encoding,angle,False,0.7,0.02,0.2856999999999999,"[0.31671779399649297, -0.1449599088286749, -0.015428892177752722, 0.09161375832467426]",0.0763082893739571,"[0, 1, 0, 0, 0, 0, 0, 0, 1, 0, 0, 0, 0, 0, 0, 1, 0, 0, 0, 0, 0, 0, 1, 0, 0, 0, 0, 0, 0, 1, 0, 0, 0, 0, 0, 0, 1, 0, 0, 0, 0, 0, 0, 1, 0, 0, 0, 0, 0, 0, 1, 0, 0, 0, 0, 0, 0, 1, 0, 0, 0, 0, 0, 0, 1, 0, 0, 0, 0, 0]"
phase-encoding,original,True,0.7,0.1,0.2856999999999999,"[-2.4902468564800384, 4.382157334417834, 3.8270419312718444, -4.81774809420912, -27.800000000000125, -27.800000000000125, -27.800000000000125, -27.800000000000125]","[0.24875314351995803, 0.5761573344178369, 0.592041931271839, 0.5722519057908734]","[0, 1, 0, 0, 0, 0, 0, 0, 1, 0, 0, 0, 0, 0, 0, 1, 0, 0, 0, 0, 0, 0, 1, 0, 0, 0, 0, 0, 0, 1, 0, 0, 0, 0, 0, 0, 1, 0, 0, 0, 0, 0, 0, 1, 0, 0, 0, 0, 0, 0, 1, 0, 0, 0, 0, 0, 0, 1, 0, 0, 0, 0, 0, 0, 1, 0, 0, 0, 0, 0]"
phase-encoding,angle,False,0.7,0.1,0.2856999999999999,"[0.5014995333510678, 0.020519693586221587, -0.29753487755538927, -0.3209113996704615]",0.4384092314408935,"[0, 1, 0, 0, 0, 0, 0, 0, 1, 0, 0, 0, 0, 0, 0, 1, 0, 0, 0, 0, 0, 0, 1, 0, 0, 0, 0, 0, 0, 1, 0, 0, 0, 0, 0, 0, 1, 0, 0, 0, 0, 0, 0, 1, 0, 0, 0, 0, 0, 0, 1, 0, 0, 0, 0, 0, 0, 1, 0, 0, 0, 0, 0, 0, 1, 0, 0, 0, 0, 0]"
phase-encoding,original,True,0.8,0.1,0.2856999999999999,"[-2.410246856480038, 4.219157334417832, 3.8790419312718454, -4.818748094209121, -28.000000000000128, -28.000000000000128, -28.000000000000128, -28.000000000000128]","[0.24875314351995803, 0.5761573344178369, 0.592041931271839, 0.5722519057908734]","[0, 1, 0, 0, 0, 0, 0, 0, 1, 0, 0, 0, 0, 0, 0, 1, 0, 0, 0, 0, 0, 0, 1, 0, 0, 0, 0, 0, 0, 1, 0, 0, 0, 0, 0, 0, 1, 0, 0, 0, 0, 0, 0, 1, 0, 0, 0, 0, 0, 0, 1, 0, 0, 0, 0, 0, 0, 1, 0, 0, 0, 0, 0, 0, 1, 0, 0, 0, 0, 0]"
phase-encoding,angle,False,0.8,0.02,0.2856999999999999,"[0.3248308699172072, -0.048131852356174176, 0.027450635406471954, 0.08558617697783445]",0.7234651778309412,"[0, 1, 0, 0, 0, 0, 0, 0, 1, 0, 0, 0, 0, 0, 0, 1, 0, 0, 0, 0, 0, 0, 1, 0, 0, 0, 0, 0, 0, 1, 0, 0, 0, 0, 0, 0, 1, 0, 0, 0, 0, 0, 0, 1, 0, 0, 0, 0, 0, 0, 1, 0, 0, 0, 0, 0, 0, 1, 0, 0, 0, 0, 0, 0, 1, 0, 0, 0, 0, 0]"
phase-encoding,angle,False,0.8,0.1,0.2856999999999999,"[0.6239015961123554, -0.0062607377063734065, -0.45007317776166933, -0.3014938672446997]",0.7234651778309412,"[0, 1, 0, 0, 0, 0, 0, 0, 1, 0, 0, 0, 0, 0, 0, 1, 0, 0, 0, 0, 0, 0, 1, 0, 0, 0, 0, 0, 0, 1, 0, 0, 0, 0, 0, 0, 1, 0, 0, 0, 0, 0, 0, 1, 0, 0, 0, 0, 0, 0, 1, 0, 0, 0, 0, 0, 0, 1, 0, 0, 0, 0, 0, 0, 1, 0, 0, 0, 0, 0]"
phase-encoding,radius,False,0.7,0.02,0.2856999999999999,"[-0.19939205456923798, 0.15458933982656295, -0.10754107515972097, -0.32523893883105737]",0.7234651778309412,"[0, 1, 1, 0, 1, 0, 0, 0, 1, 1, 0, 1, 0, 0, 0, 1, 1, 0, 1, 0, 0, 0, 1, 1, 0, 1, 0, 0, 0, 1, 1, 0, 1, 0, 0, 0, 1, 1, 0, 1, 0, 0, 0, 1, 1, 0, 1, 0, 0, 0, 1, 1, 0, 1, 0, 0, 0, 1, 1, 0, 1, 0, 0, 0, 1, 1, 0, 1, 0, 0]"
phase-encoding,angle,True,0.1,0.1,0.2856999999999999,"[24.82800463911662, -0.1653589486228925, 0.028761101961531033, 0.028761101961531033, 0.3743424659170772, 0.5730736658681794, 1.0, 1.0]","[0.5, 0.5, 0.5, 0.5]","[1, 1, 0, 0, 1, 0, 0, 1, 1, 0, 0, 1, 0, 0, 1, 1, 0, 0, 1, 0, 0, 1, 1, 0, 0, 1, 0, 0, 1, 1, 0, 0, 1, 0, 0, 1, 1, 0, 0, 1, 0, 0, 1, 1, 0, 0, 1, 0, 0, 1, 1, 0, 0, 1, 0, 0, 1, 1, 0, 0, 1, 0, 0, 1, 1, 0, 0, 1, 0, 0]"
phase-encoding,radius,True,0.3,0.02,0.2856999999999999,"[-2.123840860415921, -1.3986370223225495, -3.8557777721091377, -3.8557777721091377, -6.069278565853455, -0.3983016174878689, 1.0, 1.0]","[0.5, 0.5, 0.5, 0.5]","[0, 1, 0, 0, 0, 0, 0, 0, 1, 0, 0, 0, 0, 0, 0, 1, 0, 0, 0, 0, 0, 0, 1, 0, 0, 0, 0, 0, 0, 1, 0, 0, 0, 0, 0, 0, 1, 0, 0, 0, 0, 0, 0, 1, 0, 0, 0, 0, 0, 0, 1, 0, 0, 0, 0, 0, 0, 1, 0, 0, 0, 0, 0, 0, 1, 0, 0, 0, 0, 0]"
phase-encoding,original,False,0.1,0.1,0.2856999999999999,"[-2.2852468564800374, 2.236157334417834, 7.156041931271842, -18.12074809420913]","[0.24875314351995803, 0.5761573344178369, 0.592041931271839, 0.5722519057908734]","[0, 1, 1, 1, 1, 0, 1, 0, 1, 1, 1, 1, 0, 1, 0, 1, 1, 1, 1, 0, 1, 0, 1, 1, 1, 1, 0, 1, 0, 1, 1, 1, 1, 0, 1, 0, 1, 1, 1, 1, 0, 1, 0, 1, 1, 1, 1, 0, 1, 0, 1, 1, 1, 1, 0, 1, 0, 1, 1, 1, 1, 0, 1, 0, 1, 1, 1, 1, 0, 1]"
phase-encoding,radius,False,0.7,0.1,0.2856999999999999,"[-0.3450962482561286, 0.08413234639956582, -0.26941484714982145, -0.5485468246510801]",0.4384092314408935,"[0, 1, 1, 0, 1, 0, 0, 0, 1, 1, 0, 1, 0, 0, 0, 1, 1, 0, 1, 0, 0, 0, 1, 1, 0, 1, 0, 0, 0, 1, 1, 0, 1, 0, 0, 0, 1, 1, 0, 1, 0, 0, 0, 1, 1, 0, 1, 0, 0, 0, 1, 1, 0, 1, 0, 0, 0, 1, 1, 0, 1, 0, 0, 0, 1, 1, 0, 1, 0, 0]"
phase-encoding,original,False,0.1,0.02,0.2856999999999999,"[-0.5059999999999999, 0.8688000000000041, 1.7245999999999977, -2.6258]","[0.5, 0.5, 0.5, 0.5]","[0, 1, 1, 1, 1, 1, 0, 0, 1, 1, 1, 1, 1, 0, 0, 1, 1, 1, 1, 1, 0, 0, 1, 1, 1, 1, 1, 0, 0, 1, 1, 1, 1, 1, 0, 0, 1, 1, 1, 1, 1, 0, 0, 1, 1, 1, 1, 1, 0, 0, 1, 1, 1, 1, 1, 0, 0, 1, 1, 1, 1, 1, 0, 0, 1, 1, 1, 1, 1, 0]"
phase-encoding,angle,True,0.5,0.1,0.2856999999999999,"[10.206075969270344, 0.09020034815866154, -2.0918139392115793, -2.0918139392115793, -6.177096429021114, -0.5824360515441834, 1.0, 1.0]","[0.5, 0.5, 0.5, 0.5]","[0, 1, 0, 0, 1, 0, 1, 0, 1, 0, 0, 1, 0, 1, 0, 1, 0, 0, 1, 0, 1, 0, 1, 0, 0, 1, 0, 1, 0, 1, 0, 0, 1, 0, 1, 0, 1, 0, 0, 1, 0, 1, 0, 1, 0, 0, 1, 0, 1, 0, 1, 0, 0, 1, 0, 1, 0, 1, 0, 0, 1, 0, 1, 0, 1, 0, 0, 1, 0, 1]"
HSGS,original,True,0.1,0.02,0.2999899999999999,"[1.8605489174641237, 0.7301295004136454, 0.9703028790209655, 2.408489919236032, -0.9108716251132698, -0.9668305542407504, -0.21658741932623432, 1.8904098591020357, 1.1290132408839142, -1.07224714025502, -1.3351509097022058, 0.3507658890910703, 2.1923846893850603, 3.577401154851591, -1.9341096142194085, 2.897917994309262, 1.54864750651951, 3.733994677212665, 1.5926253326439548, -0.42395095166930497, 2.060000000000001, 2.060000000000001, 2.060000000000001, 2.060000000000001, 2.060000000000001, 2.060000000000001, 2.060000000000001, 2.060000000000001, 2.060000000000001, 2.060000000000001, 2.060000000000001, 2.060000000000001, 2.060000000000001, 2.060000000000001, 2.060000000000001, 2.060000000000001, 2.060000000000001, 2.060000000000001, 2.060000000000001, 2.060000000000001]",0.2303028790209648,"[0, 0, 1, 1, 1, 0, 0, 0, 0, 1, 1, 1, 0, 0, 0, 0, 1, 1, 1, 0, 0, 0, 0, 1, 1, 1, 0, 0, 0, 0, 1, 1, 1, 0, 1, 0, 0, 1, 1, 1, 0, 0, 0, 0, 1, 1, 1, 0, 0, 0, 0, 1, 1, 1, 0, 0, 0, 0, 1, 1, 1, 0, 0, 0, 0, 1, 1, 1, 0, 0]"
phase-encoding,radius,True,0.5,0.02,0.3571499999999999,"[-2.6247862702768106, -1.6345884973568312, -4.058789896905554, -3.7737339505155054, -6.42469349727262, -0.41610679779481785, 1.0, 1.0]",0.7799187922401146,"[0, 0, 0, 0, 1, 0, 0, 0, 0, 0, 0, 1, 0, 0, 0, 0, 0, 0, 1, 0, 0, 0, 0, 0, 0, 0, 0, 0, 0, 0, 0, 0, 0, 0, 0, 0, 0, 0, 0, 0, 0, 0, 0, 0, 0, 0, 0, 0, 0, 0, 0, 0, 0, 1, 0, 0, 0, 0, 0, 0, 0, 0, 0, 0, 0, 0, 0, 1, 0, 0]"
phase-encoding,original,True,0.3,0.02,0.3714399999999999,"[0.47095314351995826, 0.8377573344178332, 0.6824419312718388, -0.23154809420912686, 0.3399999999999994, 0.3399999999999994, 0.3399999999999994, 0.3399999999999994]","[0.24875314351995803, 0.5761573344178369, 0.592041931271839, 0.5722519057908734]","[0, 1, 0, 1, 0, 1, 0, 0, 1, 0, 0, 0, 1, 0, 0, 1, 0, 1, 0, 1, 0, 0, 1, 0, 0, 0, 1, 0, 0, 1, 0, 0, 0, 1, 0, 0, 1, 0, 0, 0, 1, 0, 0, 1, 0, 0, 0, 1, 0, 0, 1, 0, 1, 0, 1, 0, 0, 1, 0, 0, 0, 1, 0, 0, 1, 0, 1, 0, 1, 0]"
phase-encoding,radius,True,0.3,0.1,0.3714399999999999,"[-9.224414322704074, -5.237219284182429, -15.671414036018733, -15.6912040614997, -24.75650253197878, -4.351107506903425, 1.0, 1.0]","[0.24875314351995803, 0.5761573344178369, 0.592041931271839, 0.5722519057908734]","[1, 0, 0, 1, 1, 0, 0, 1, 0, 0, 1, 1, 0, 0, 1, 0, 0, 1, 1, 0, 0, 1, 0, 0, 1, 1, 1, 0, 1, 0, 0, 1, 1, 0, 0, 1, 0, 0, 1, 1, 1, 0, 1, 0, 0, 1, 1, 1, 0, 1, 0, 0, 1, 1, 1, 0, 1, 0, 0, 1, 1, 1, 0, 1, 0, 0, 1, 1, 1, 0]"
phase-encoding,angleradius,True,0.3,0.02,0.3714399999999999,"[-1.42546505566046, -0.730878268711867, -1.8526167396035178, -1.5675607932134712, 3.582247868661994, 0.009041869493224351, -0.2723450247038672, -0.2723450247038672, -2.8732112491961073, 0.30108692484919214]",0.7234651778309412,"[1, 0, 0, 1, 1, 1, 0, 1, 0, 0, 1, 1, 1, 0, 1, 0, 0, 1, 1, 0, 0, 1, 0, 0, 1, 1, 0, 0, 1, 0, 0, 1, 1, 1, 0, 1, 0, 0, 1, 1, 1, 0, 1, 0, 0, 1, 1, 1, 0, 1, 0, 0, 1, 1, 0, 0, 1, 0, 0, 1, 1, 0, 0, 1, 0, 0, 1, 1, 1, 0]"
phase-encoding,angle,False,0.1,0.02,0.3857299999999999,"[6.035272263732356, 0.2678572204077988, 5.248334622275699, -1.7384702379008405]","[0.6778165367962301, 0.27000797319216485, 0.7351940221225949, 0.9621885451174382]","[1, 1, 1, 1, 1, 1, 0, 1, 1, 1, 1, 1, 1, 0, 1, 1, 1, 1, 1, 1, 0, 1, 1, 1, 1, 1, 1, 0, 1, 1, 1, 1, 1, 0, 0, 1, 1, 1, 1, 1, 1, 0, 1, 1, 1, 1, 1, 1, 0, 1, 1, 1, 1, 1, 0, 0, 1, 1, 1, 1, 1, 1, 0, 1, 1, 1, 1, 1, 0, 0]"
phase-encoding,angle,False,0.3,0.02,0.4000199999999999,"[5.427782047983831, 0.21516148843435032, 2.184186866676208, -1.4838855928789874]","[0.5, 0.5, 0.5, 0.5]","[1, 1, 1, 1, 0, 0, 0, 1, 1, 1, 1, 0, 0, 0, 1, 1, 1, 1, 0, 0, 0, 1, 1, 1, 1, 1, 0, 0, 1, 1, 1, 1, 0, 0, 0, 1, 1, 1, 1, 1, 0, 0, 1, 1, 1, 1, 0, 0, 0, 1, 1, 1, 1, 0, 0, 0, 1, 1, 1, 1, 0, 0, 0, 1, 1, 1, 1, 0, 0, 0]"
phase-encoding,angle,False,0.3,0.1,0.4143099999999999,"[0.48589775669175067, -0.20144875343936466, -0.2286792676768972, -0.29248127769344395]",0.0763082893739571,"[1, 1, 1, 1, 0, 0, 0, 1, 1, 1, 1, 0, 0, 0, 1, 1, 1, 1, 0, 0, 0, 1, 1, 1, 1, 0, 0, 0, 1, 1, 1, 1, 0, 0, 0, 1, 1, 1, 1, 0, 0, 0, 0, 1, 1, 1, 0, 0, 0, 1, 1, 1, 1, 0, 0, 0, 1, 1, 1, 1, 0, 0, 0, 1, 1, 1, 1, 0, 0, 0]"
phase-encoding,original,True,0.5,0.02,0.4286,"[-0.21948255456749352, 2.210799574264323e-06, -0.09257106895943605, -0.22821867591687797, -0.2929390098113534, -0.2929390098113534, -0.2929390098113534, -0.2929390098113534]",0.7799187922401146,"[0, 0, 0, 0, 0, 0, 0, 0, 0, 0, 0, 0, 0, 0, 0, 0, 0, 0, 0, 0, 0, 0, 0, 0, 0, 0, 0, 0, 0, 0, 0, 0, 0, 0, 0, 0, 0, 0, 0, 0, 0, 0, 0, 0, 0, 0, 0, 0, 0, 0, 0, 0, 0, 0, 0, 0, 0, 0, 0, 0, 0, 0, 0, 0, 0, 0, 0, 0, 0, 0]"
phase-encoding,angle,False,0.5,0.02,0.4286,"[3.040637013755037, 0.4349448609610062, 0.017328852256813652, -0.4637086737309662]",0.7799187922401146,"[1, 0, 1, 1, 1, 0, 0, 1, 0, 1, 1, 1, 0, 0, 1, 0, 1, 1, 1, 0, 0, 1, 0, 1, 1, 1, 0, 0, 1, 0, 1, 1, 1, 0, 0, 1, 0, 1, 1, 1, 0, 0, 1, 0, 1, 1, 1, 0, 0, 1, 0, 1, 1, 1, 0, 0, 1, 0, 1, 1, 1, 0, 0, 1, 0, 1, 1, 1, 0, 0]"
phase-encoding,original,True,0.7,0.02,0.4286,"[0.07112619412745999, -0.177623689177567, -0.008739902923968377, -0.28590582674474696, -0.3440763747133291, -0.3440763747133291, -0.3440763747133291, -0.3440763747133291]",0.7799187922401146,"[0, 0, 0, 0, 0, 0, 0, 0, 0, 0, 0, 0, 0, 0, 0, 0, 0, 0, 0, 0, 0, 0, 0, 0, 0, 0, 0, 0, 0, 0, 0, 0, 0, 0, 0, 0, 0, 0, 0, 0, 0, 0, 0, 0, 0, 0, 0, 0, 0, 0, 0, 0, 0, 0, 0, 0, 0, 0, 0, 0, 0, 0, 0, 0, 0, 0, 0, 0, 0, 0]"
phase-encoding,angle,True,0.7,0.1,0.4286,"[0.6636088027469922, -0.3150973011991644, -0.6416291443634177, -0.6416291443634177, -0.9894657279114413, -0.5189278084346337, 0.08406556530494112, 0.08406556530494112]",0.0763082893739571,"[0, 0, 0, 0, 0, 0, 0, 0, 0, 0, 0, 0, 0, 0, 0, 0, 0, 0, 0, 0, 0, 0, 0, 0, 0, 0, 0, 0, 0, 0, 0, 0, 0, 0, 0, 0, 0, 0, 0, 0, 0, 0, 0, 0, 0, 0, 0, 0, 0, 0, 0, 0, 0, 0, 0, 0, 0, 0, 0, 0, 0, 0, 0, 0, 0, 0, 0, 0, 0, 0]"
phase-encoding,angleradius,True,0.8,0.1,0.4286,"[-0.6225553743732062, -0.6583778458297801, -0.807272719289542, -0.807272719289542, 0.6636088027469922, -0.315097301199158, -0.6416291443634177, -0.6416291443634177, -0.9894657279114413, -0.5189278084346337]",0.0763082893739571,"[0, 0, 0, 0, 0, 0, 0, 0, 0, 0, 0, 0, 0, 0, 0, 0, 0, 0, 0, 0, 0, 0, 0, 0, 0, 0, 0, 0, 0, 0, 0, 0, 0, 0, 0, 0, 0, 0, 0, 0, 0, 0, 0, 0, 0, 0, 0, 0, 0, 0, 0, 0, 0, 0, 0, 0, 0, 0, 0, 0, 0, 0, 0, 0, 0, 0, 0, 0, 0, 0]"
phase-encoding,angle,True,0.8,0.02,0.4286,"[0.36562450257165524, -0.22267403842320008, -0.35491779431552883, -0.35491779411622054, -0.5260337662837271, -0.29082734905873214, 0.08406556530494112, 0.08406556530494112]",0.0763082893739571,"[0, 0, 0, 0, 0, 0, 0, 0, 0, 0, 0, 0, 0, 0, 0, 0, 0, 0, 0, 0, 0, 0, 0, 0, 0, 0, 0, 0, 0, 0, 0, 0, 0, 0, 0, 0, 0, 0, 0, 0, 0, 0, 0, 0, 0, 0, 0, 0, 0, 0, 0, 0, 0, 0, 0, 0, 0, 0, 0, 0, 0, 0, 0, 0, 0, 0, 0, 0, 0, 0]"
phase-encoding,angle,True,0.7,0.02,0.4286,"[0.36562450257165524, -0.22267403842320008, -0.35491779431552883, -0.35491779411622054, -0.5260337662837271, -0.29082734905873214, 0.08406556530494112, 0.08406556530494112]",0.0763082893739571,"[0, 0, 0, 0, 0, 0, 0, 0, 0, 0, 0, 0, 0, 0, 0, 0, 0, 0, 0, 0, 0, 0, 0, 0, 0, 0, 0, 0, 0, 0, 0, 0, 0, 0, 0, 0, 0, 0, 0, 0, 0, 0, 0, 0, 0, 0, 0, 0, 0, 0, 0, 0, 0, 0, 0, 0, 0, 0, 0, 0, 0, 0, 0, 0, 0, 0, 0, 0, 0, 0]"
phase-encoding,angle,True,0.8,0.1,0.4286,"[0.6636088027469922, -0.3150973011991644, -0.6416291443634177, -0.6416291443634177, -0.9894657279114413, -0.5189278084346337, 0.08406556530494112, 0.08406556530494112]",0.0763082893739571,"[0, 0, 0, 0, 0, 0, 0, 0, 0, 0, 0, 0, 0, 0, 0, 0, 0, 0, 0, 0, 0, 0, 0, 0, 0, 0, 0, 0, 0, 0, 0, 0, 0, 0, 0, 0, 0, 0, 0, 0, 0, 0, 0, 0, 0, 0, 0, 0, 0, 0, 0, 0, 0, 0, 0, 0, 0, 0, 0, 0, 0, 0, 0, 0, 0, 0, 0, 0, 0, 0]"
phase-encoding,angle,False,0.5,0.1,0.4286,"[0.4859686397182395, -0.1266357590357915, -0.24877431720249152, -0.2978829538989411]",0.0763082893739571,"[0, 1, 1, 0, 0, 0, 0, 0, 1, 1, 0, 0, 0, 0, 0, 1, 1, 0, 0, 0, 0, 0, 1, 1, 0, 0, 0, 0, 0, 1, 1, 0, 0, 0, 0, 0, 1, 1, 0, 0, 0, 0, 0, 1, 1, 0, 0, 0, 0, 0, 1, 1, 0, 0, 0, 0, 0, 1, 1, 0, 0, 0, 0, 0, 1, 1, 0, 0, 0, 0]"
phase-encoding,radius,True,0.5,0.1,0.4286,"[-0.6225553743732062, -0.6583778458297801, -0.807272719289542, -0.807272719289542, -0.9894657279114413, -0.5189278084346337, 0.08406556530494112, 0.08406556530494112]",0.0763082893739571,"[0, 0, 0, 0, 0, 0, 0, 0, 0, 0, 0, 0, 0, 0, 0, 0, 0, 0, 0, 0, 0, 0, 0, 0, 0, 0, 0, 0, 0, 0, 0, 0, 0, 0, 0, 0, 0, 0, 0, 0, 0, 0, 0, 0, 0, 0, 0, 0, 0, 0, 0, 0, 0, 0, 0, 0, 0, 0, 0, 0, 0, 0, 0, 0, 0, 0, 0, 0, 0, 0]"
phase-encoding,radius,True,0.7,0.02,0.4286,"[-0.354788993422091, -0.35838614724659396, -0.43834678364748547, -0.43834678364748425, -0.5260337662837271, -0.29082734905873214, 0.08406556530494112, 0.08406556530494112]",0.0763082893739571,"[0, 0, 0, 0, 0, 0, 0, 0, 0, 0, 0, 0, 0, 0, 0, 0, 0, 0, 0, 0, 0, 0, 0, 0, 0, 0, 0, 0, 0, 0, 0, 0, 0, 0, 0, 0, 0, 0, 0, 0, 0, 0, 0, 0, 0, 0, 0, 0, 0, 0, 0, 0, 0, 0, 0, 0, 0, 0, 0, 0, 0, 0, 0, 0, 0, 0, 0, 0, 0, 0]"
phase-encoding,radius,True,0.7,0.1,0.4286,"[-0.6225553743732062, -0.6583778458297801, -0.807272719289542, -0.807272719289542, -0.9894657279114413, -0.5189278084346337, 0.08406556530494112, 0.08406556530494112]",0.0763082893739571,"[0, 0, 0, 0, 0, 0, 0, 0, 0, 0, 0, 0, 0, 0, 0, 0, 0, 0, 0, 0, 0, 0, 0, 0, 0, 0, 0, 0, 0, 0, 0, 0, 0, 0, 0, 0, 0, 0, 0, 0, 0, 0, 0, 0, 0, 0, 0, 0, 0, 0, 0, 0, 0, 0, 0, 0, 0, 0, 0, 0, 0, 0, 0, 0, 0, 0, 0, 0, 0, 0]"
phase-encoding,original,True,0.8,0.02,0.4286,"[-0.035002874831804434, -0.1402003087088809, 0.03292621861544886, -0.28588688859352607, -0.344076932853391, -0.344076932853391, -0.344076932853391, -0.344076932853391]",0.0763082893739571,"[0, 0, 0, 0, 0, 0, 0, 0, 0, 0, 0, 0, 0, 0, 0, 0, 0, 0, 0, 0, 0, 0, 0, 0, 0, 0, 0, 0, 0, 0, 0, 0, 0, 0, 0, 0, 0, 0, 0, 0, 0, 0, 0, 0, 0, 0, 0, 0, 0, 0, 0, 0, 0, 0, 0, 0, 0, 0, 0, 0, 0, 0, 0, 0, 0, 0, 0, 0, 0, 0]"
phase-encoding,radius,True,0.8,0.02,0.4286,"[-0.354788993422091, -0.35838614724659396, -0.43834678364748547, -0.43834678364748425, -0.5260337662837271, -0.29082734905873214, 0.08406556530494112, 0.08406556530494112]",0.0763082893739571,"[0, 0, 0, 0, 0, 0, 0, 0, 0, 0, 0, 0, 0, 0, 0, 0, 0, 0, 0, 0, 0, 0, 0, 0, 0, 0, 0, 0, 0, 0, 0, 0, 0, 0, 0, 0, 0, 0, 0, 0, 0, 0, 0, 0, 0, 0, 0, 0, 0, 0, 0, 0, 0, 0, 0, 0, 0, 0, 0, 0, 0, 0, 0, 0, 0, 0, 0, 0, 0, 0]"
phase-encoding,radius,True,0.8,0.1,0.4286,"[-0.6225553743732062, -0.6583778458297801, -0.807272719289542, -0.807272719289542, -0.9894657279114413, -0.5189278084346337, 0.08406556530494112, 0.08406556530494112]",0.0763082893739571,"[0, 0, 0, 0, 0, 0, 0, 0, 0, 0, 0, 0, 0, 0, 0, 0, 0, 0, 0, 0, 0, 0, 0, 0, 0, 0, 0, 0, 0, 0, 0, 0, 0, 0, 0, 0, 0, 0, 0, 0, 0, 0, 0, 0, 0, 0, 0, 0, 0, 0, 0, 0, 0, 0, 0, 0, 0, 0, 0, 0, 0, 0, 0, 0, 0, 0, 0, 0, 0, 0]"
phase-encoding,angleradius,True,0.5,0.02,0.4286,"[-0.354788993422091, -0.35838614724659396, -0.43834678364748547, -0.43834678364748425, 0.3656245025744707, -0.222662802040291, -0.35491779403336576, -0.35491779403336576, -0.5260337662837271, -0.29082734905873214]",0.0763082893739571,"[0, 0, 0, 0, 0, 0, 0, 0, 0, 0, 0, 0, 0, 0, 0, 0, 0, 0, 0, 0, 0, 0, 0, 0, 0, 0, 0, 0, 0, 0, 0, 0, 0, 0, 0, 0, 0, 0, 0, 0, 0, 0, 0, 0, 0, 0, 0, 0, 0, 0, 0, 0, 0, 0, 0, 0, 0, 0, 0, 0, 0, 0, 0, 0, 0, 0, 0, 0, 0, 0]"
phase-encoding,angleradius,True,0.5,0.1,0.4286,"[-0.6225553743732062, -0.6583778458297801, -0.807272719289542, -0.807272719289542, 0.6636088027469922, -0.315097301199158, -0.6416291443634177, -0.6416291443634177, -0.9894657279114413, -0.5189278084346337]",0.0763082893739571,"[0, 0, 0, 0, 0, 0, 0, 0, 0, 0, 0, 0, 0, 0, 0, 0, 0, 0, 0, 0, 0, 0, 0, 0, 0, 0, 0, 0, 0, 0, 0, 0, 0, 0, 0, 0, 0, 0, 0, 0, 0, 0, 0, 0, 0, 0, 0, 0, 0, 0, 0, 0, 0, 0, 0, 0, 0, 0, 0, 0, 0, 0, 0, 0, 0, 0, 0, 0, 0, 0]"
phase-encoding,angleradius,True,0.7,0.02,0.4286,"[-0.354788993422091, -0.35838614724659396, -0.43834678364748547, -0.43834678364748425, 0.3656245025744707, -0.222662802040291, -0.35491779403336576, -0.35491779403336576, -0.5260337662837271, -0.29082734905873214]",0.0763082893739571,"[0, 0, 0, 0, 0, 0, 0, 0, 0, 0, 0, 0, 0, 0, 0, 0, 0, 0, 0, 0, 0, 0, 0, 0, 0, 0, 0, 0, 0, 0, 0, 0, 0, 0, 0, 0, 0, 0, 0, 0, 0, 0, 0, 0, 0, 0, 0, 0, 0, 0, 0, 0, 0, 0, 0, 0, 0, 0, 0, 0, 0, 0, 0, 0, 0, 0, 0, 0, 0, 0]"
phase-encoding,angleradius,True,0.7,0.1,0.4286,"[-0.6225553743732062, -0.6583778458297801, -0.807272719289542, -0.807272719289542, 0.6636088027469922, -0.315097301199158, -0.6416291443634177, -0.6416291443634177, -0.9894657279114413, -0.5189278084346337]",0.0763082893739571,"[0, 0, 0, 0, 0, 0, 0, 0, 0, 0, 0, 0, 0, 0, 0, 0, 0, 0, 0, 0, 0, 0, 0, 0, 0, 0, 0, 0, 0, 0, 0, 0, 0, 0, 0, 0, 0, 0, 0, 0, 0, 0, 0, 0, 0, 0, 0, 0, 0, 0, 0, 0, 0, 0, 0, 0, 0, 0, 0, 0, 0, 0, 0, 0, 0, 0, 0, 0, 0, 0]"
phase-encoding,angleradius,True,0.8,0.02,0.4286,"[-0.354788993422091, -0.35838614724659396, -0.43834678364748547, -0.43834678364748425, 0.3656245025744707, -0.222662802040291, -0.35491779403336576, -0.35491779403336576, -0.5260337662837271, -0.29082734905873214]",0.0763082893739571,"[0, 0, 0, 0, 0, 0, 0, 0, 0, 0, 0, 0, 0, 0, 0, 0, 0, 0, 0, 0, 0, 0, 0, 0, 0, 0, 0, 0, 0, 0, 0, 0, 0, 0, 0, 0, 0, 0, 0, 0, 0, 0, 0, 0, 0, 0, 0, 0, 0, 0, 0, 0, 0, 0, 0, 0, 0, 0, 0, 0, 0, 0, 0, 0, 0, 0, 0, 0, 0, 0]"
phase-encoding,angleradius,True,0.3,0.1,0.4286,"[-0.6225553743732062, -0.6583778458297801, -0.807272719289542, -0.807272719289542, 0.6636088027469922, -0.315097301199158, -0.6416291443634177, -0.6416291443634177, -0.9894657279114413, -0.5189278084346337]",0.0763082893739571,"[0, 0, 0, 0, 0, 0, 0, 0, 0, 0, 0, 0, 0, 0, 0, 0, 0, 0, 0, 0, 0, 0, 0, 0, 0, 0, 0, 0, 0, 0, 0, 0, 0, 0, 0, 0, 0, 0, 0, 0, 0, 0, 0, 0, 0, 0, 0, 0, 0, 0, 0, 0, 0, 0, 0, 0, 0, 0, 0, 0, 0, 0, 0, 0, 0, 0, 0, 0, 0, 0]"
HSGS,original,False,0.7,0.1,0.4286,"[0.6005489174641225, 0.9501295004136457, -3.7696971209790373, 4.548489919236031, -3.0908716251132704, -3.866830554240752, 0.5234125806737658, 0.7504098591020348, 4.669013240883914, 0.4677528597449807, -3.7951509097022074, -7.50923411090892, 12.372384689385033, 8.477401154851576, -7.634109614219397, 4.83791799430926, -7.231352493480482, 4.313994677212663, 4.5726253326439545, 0.2760490483306951]",0.2303028790209648,"[0, 0, 0, 0, 0, 0, 0, 0, 0, 0, 0, 0, 0, 0, 0, 0, 0, 0, 0, 0, 0, 0, 0, 0, 0, 0, 0, 0, 0, 0, 0, 0, 0, 0, 0, 0, 0, 0, 0, 0, 0, 0, 0, 0, 0, 0, 0, 0, 0, 0, 0, 0, 0, 0, 0, 0, 0, 0, 0, 0, 0, 0, 0, 0, 0, 0, 0, 0, 0, 0]"
HSGS,original,False,0.5,0.1,0.4286,"[0.6005489174641225, 0.9501295004136457, -3.7696971209790373, 4.548489919236031, -3.0908716251132704, -3.866830554240752, 0.5234125806737658, 0.7504098591020348, 4.669013240883914, 0.4677528597449807, -3.7951509097022074, -7.50923411090892, 12.372384689385033, 8.477401154851576, -7.634109614219397, 4.83791799430926, -7.231352493480482, 4.313994677212663, 4.5726253326439545, 0.2760490483306951]",0.9501295004136456,"[0, 0, 0, 0, 0, 0, 0, 0, 0, 0, 0, 0, 0, 0, 0, 0, 0, 0, 0, 0, 0, 0, 0, 0, 0, 0, 0, 0, 0, 0, 0, 0, 0, 0, 0, 0, 0, 0, 0, 0, 0, 0, 0, 0, 0, 0, 0, 0, 0, 0, 0, 0, 0, 0, 0, 0, 0, 0, 0, 0, 0, 0, 0, 0, 0, 0, 0, 0, 0, 0]"
HSGS,original,True,0.5,0.1,0.4286,"[-0.09945108253587742, 0.2501295004136459, -3.469697120979037, 3.848489919236033, -2.39087162511327, -3.1668305542407515, 0.8234125806737658, 0.05040985910203494, 4.369013240883915, 0.16775285974498075, -3.0951509097022067, -7.8092341109089185, 11.672384689385035, 7.777401154851577, -7.334109614219398, 5.137917994309259, -6.531352493480484, 3.613994677212664, 3.872625332643956, -0.023950951669304915, -10.29999999999998, -10.29999999999998, -10.29999999999998, -10.29999999999998, -10.29999999999998, -10.29999999999998, -10.29999999999998, -10.29999999999998, -10.29999999999998, -10.29999999999998, -10.29999999999998, -10.29999999999998, -10.29999999999998, -10.29999999999998, -10.29999999999998, -10.29999999999998, -10.29999999999998, -10.29999999999998, -10.29999999999998, -10.29999999999998]",0.9501295004136456,"[0, 0, 0, 0, 0, 0, 0, 0, 0, 0, 0, 0, 0, 0, 0, 0, 0, 0, 0, 0, 0, 0, 0, 0, 0, 0, 0, 0, 0, 0, 0, 0, 0, 0, 0, 0, 0, 0, 0, 0, 0, 0, 0, 0, 0, 0, 0, 0, 0, 0, 0, 0, 0, 0, 0, 0, 0, 0, 0, 0, 0, 0, 0, 0, 0, 0, 0, 0, 0, 0]"
HSGS,original,False,0.7,0.02,0.4286,"[0.6005489174641225, 0.9501295004136456, -0.5696971209790354, 1.3484899192360311, 0.10912837488673076, -0.6668305542407501, 0.5234125806737658, 0.7504098591020348, 1.4690132408839145, 0.4677528597449807, -0.5951509097022052, -1.1092341109089303, 2.7723846893850608, 2.07740115485159, -1.234109614219408, 1.6379179943092612, -0.8313524934804916, 1.1139946772126628, 1.3726253326439546, 0.2760490483306951]",0.9501295004136456,"[0, 0, 0, 0, 0, 0, 0, 0, 0, 0, 0, 0, 0, 0, 0, 0, 0, 0, 0, 0, 0, 0, 0, 0, 0, 0, 0, 0, 0, 0, 0, 0, 0, 0, 0, 0, 0, 0, 0, 0, 0, 0, 0, 0, 0, 0, 0, 0, 0, 0, 0, 0, 0, 0, 0, 0, 0, 0, 0, 0, 0, 0, 0, 0, 0, 0, 0, 0, 0, 0]"
HSGS,original,True,0.7,0.02,0.4286,"[0.6005489174641225, 0.9501295004136456, -0.5696971209790354, 1.3484899192360311, 0.10912837488673076, -0.6668305542407501, 0.5234125806737658, 0.7504098591020348, 1.4690132408839145, 0.4677528597449807, -0.5951509097022052, -1.1092341109089303, 2.7723846893850608, 2.07740115485159, -1.234109614219408, 1.6379179943092612, -0.8313524934804916, 1.1139946772126628, 1.3726253326439546, 0.2760490483306951, -1.4000000000000015, -1.4000000000000015, -1.4000000000000015, -1.4000000000000015, -1.4000000000000015, -1.4000000000000015, -1.4000000000000015, -1.4000000000000015, -1.4000000000000015, -1.4000000000000015, -1.4000000000000015, -1.4000000000000015, -1.4000000000000015, -1.4000000000000015, -1.4000000000000015, -1.4000000000000015, -1.4000000000000015, -1.4000000000000015, -1.4000000000000015, -1.4000000000000015]",0.9501295004136456,"[0, 0, 0, 0, 0, 0, 0, 0, 0, 0, 0, 0, 0, 0, 0, 0, 0, 0, 0, 0, 0, 0, 0, 0, 0, 0, 0, 0, 0, 0, 0, 0, 0, 0, 0, 0, 0, 0, 0, 0, 0, 0, 0, 0, 0, 0, 0, 0, 0, 0, 0, 0, 0, 0, 0, 0, 0, 0, 0, 0, 0, 0, 0, 0, 0, 0, 0, 0, 0, 0]"
HSGS,original,True,0.7,0.1,0.4286,"[0.6005489174641225, 0.9501295004136457, -3.7696971209790373, 4.548489919236031, -3.0908716251132704, -3.866830554240752, 0.5234125806737658, 0.7504098591020348, 4.669013240883914, 0.4677528597449807, -3.7951509097022074, -7.50923411090892, 12.372384689385033, 8.477401154851576, -7.634109614219397, 4.83791799430926, -7.231352493480482, 4.313994677212663, 4.5726253326439545, 0.2760490483306951, -10.999999999999977, -10.999999999999977, -10.999999999999977, -10.999999999999977, -10.999999999999977, -10.999999999999977, -10.999999999999977, -10.999999999999977, -10.999999999999977, -10.999999999999977, -10.999999999999977, -10.999999999999977, -10.999999999999977, -10.999999999999977, -10.999999999999977, -10.999999999999977, -10.999999999999977, -10.999999999999977, -10.999999999999977, -10.999999999999977]",0.9501295004136456,"[0, 0, 0, 0, 0, 0, 0, 0, 0, 0, 0, 0, 0, 0, 0, 0, 0, 0, 0, 0, 0, 0, 0, 0, 0, 0, 0, 0, 0, 0, 0, 0, 0, 0, 0, 0, 0, 0, 0, 0, 0, 0, 0, 0, 0, 0, 0, 0, 0, 0, 0, 0, 0, 0, 0, 0, 0, 0, 0, 0, 0, 0, 0, 0, 0, 0, 0, 0, 0, 0]"
HSGS,original,False,0.8,0.02,0.4286,"[0.6005489174641225, 0.9501295004136456, -0.5696971209790354, 1.3484899192360311, 0.10912837488673076, -0.6668305542407501, 0.5234125806737658, 0.7504098591020348, 1.4690132408839145, 0.4677528597449807, -0.5951509097022052, -1.1092341109089303, 2.7723846893850608, 2.07740115485159, -1.234109614219408, 1.6379179943092612, -0.8313524934804916, 1.1139946772126628, 1.3726253326439546, 0.2760490483306951]",0.9501295004136456,"[0, 0, 0, 0, 0, 0, 0, 0, 0, 0, 0, 0, 0, 0, 0, 0, 0, 0, 0, 0, 0, 0, 0, 0, 0, 0, 0, 0, 0, 0, 0, 0, 0, 0, 0, 0, 0, 0, 0, 0, 0, 0, 0, 0, 0, 0, 0, 0, 0, 0, 0, 0, 0, 0, 0, 0, 0, 0, 0, 0, 0, 0, 0, 0, 0, 0, 0, 0, 0, 0]"
HSGS,original,True,0.8,0.02,0.4286,"[0.6005489174641225, 0.9501295004136456, -0.5696971209790354, 1.3484899192360311, 0.10912837488673076, -0.6668305542407501, 0.5234125806737658, 0.7504098591020348, 1.4690132408839145, 0.4677528597449807, -0.5951509097022052, -1.1092341109089303, 2.7723846893850608, 2.07740115485159, -1.234109614219408, 1.6379179943092612, -0.8313524934804916, 1.1139946772126628, 1.3726253326439546, 0.2760490483306951, -1.4000000000000015, -1.4000000000000015, -1.4000000000000015, -1.4000000000000015, -1.4000000000000015, -1.4000000000000015, -1.4000000000000015, -1.4000000000000015, -1.4000000000000015, -1.4000000000000015, -1.4000000000000015, -1.4000000000000015, -1.4000000000000015, -1.4000000000000015, -1.4000000000000015, -1.4000000000000015, -1.4000000000000015, -1.4000000000000015, -1.4000000000000015, -1.4000000000000015]",0.9501295004136456,"[0, 0, 0, 0, 0, 0, 0, 0, 0, 0, 0, 0, 0, 0, 0, 0, 0, 0, 0, 0, 0, 0, 0, 0, 0, 0, 0, 0, 0, 0, 0, 0, 0, 0, 0, 0, 0, 0, 0, 0, 0, 0, 0, 0, 0, 0, 0, 0, 0, 0, 0, 0, 0, 0, 0, 0, 0, 0, 0, 0, 0, 0, 0, 0, 0, 0, 0, 0, 0, 0]"
HSGS,original,False,0.8,0.1,0.4286,"[0.6005489174641225, 0.9501295004136457, -3.7696971209790373, 4.548489919236031, -3.0908716251132704, -3.866830554240752, 0.5234125806737658, 0.7504098591020348, 4.669013240883914, 0.4677528597449807, -3.7951509097022074, -7.50923411090892, 12.372384689385033, 8.477401154851576, -7.634109614219397, 4.83791799430926, -7.231352493480482, 4.313994677212663, 4.5726253326439545, 0.2760490483306951]",0.9501295004136456,"[0, 0, 0, 0, 0, 0, 0, 0, 0, 0, 0, 0, 0, 0, 0, 0, 0, 0, 0, 0, 0, 0, 0, 0, 0, 0, 0, 0, 0, 0, 0, 0, 0, 0, 0, 0, 0, 0, 0, 0, 0, 0, 0, 0, 0, 0, 0, 0, 0, 0, 0, 0, 0, 0, 0, 0, 0, 0, 0, 0, 0, 0, 0, 0, 0, 0, 0, 0, 0, 0]"
HSGS,original,True,0.5,0.02,0.4286,"[0.40054891746412236, 0.7501295004136455, -0.3696971209790352, 1.148489919236031, 0.30912837488673073, -0.46683055424075, 0.723412580673766, 0.5504098591020347, 1.2690132408839143, 0.26775285974498053, -0.395150909702205, -1.3092341109089305, 2.5723846893850606, 1.8774011548515896, -1.0341096142194077, 1.8379179943092614, -0.6313524934804914, 0.9139946772126627, 1.1726253326439544, 0.07604904833069513, -1.2000000000000013, -1.2000000000000013, -1.2000000000000013, -1.2000000000000013, -1.2000000000000013, -1.2000000000000013, -1.2000000000000013, -1.2000000000000013, -1.2000000000000013, -1.2000000000000013, -1.2000000000000013, -1.2000000000000013, -1.2000000000000013, -1.2000000000000013, -1.2000000000000013, -1.2000000000000013, -1.2000000000000013, -1.2000000000000013, -1.2000000000000013, -1.2000000000000013]",0.9501295004136456,"[0, 0, 0, 0, 0, 0, 0, 0, 0, 0, 0, 0, 0, 0, 0, 0, 0, 0, 0, 0, 0, 0, 0, 0, 0, 0, 0, 0, 0, 0, 0, 0, 0, 0, 0, 0, 0, 0, 0, 0, 0, 0, 0, 0, 0, 0, 0, 0, 0, 0, 0, 0, 0, 0, 0, 0, 0, 0, 0, 0, 0, 0, 0, 0, 0, 0, 0, 0, 0, 0]"
HSGS,original,True,0.8,0.1,0.4286,"[0.6005489174641225, 0.9501295004136457, -3.7696971209790373, 4.548489919236031, -3.0908716251132704, -3.866830554240752, 0.5234125806737658, 0.7504098591020348, 4.669013240883914, 0.4677528597449807, -3.7951509097022074, -7.50923411090892, 12.372384689385033, 8.477401154851576, -7.634109614219397, 4.83791799430926, -7.231352493480482, 4.313994677212663, 4.5726253326439545, 0.2760490483306951, -10.999999999999977, -10.999999999999977, -10.999999999999977, -10.999999999999977, -10.999999999999977, -10.999999999999977, -10.999999999999977, -10.999999999999977, -10.999999999999977, -10.999999999999977, -10.999999999999977, -10.999999999999977, -10.999999999999977, -10.999999999999977, -10.999999999999977, -10.999999999999977, -10.999999999999977, -10.999999999999977, -10.999999999999977, -10.999999999999977]",0.9501295004136456,"[0, 0, 0, 0, 0, 0, 0, 0, 0, 0, 0, 0, 0, 0, 0, 0, 0, 0, 0, 0, 0, 0, 0, 0, 0, 0, 0, 0, 0, 0, 0, 0, 0, 0, 0, 0, 0, 0, 0, 0, 0, 0, 0, 0, 0, 0, 0, 0, 0, 0, 0, 0, 0, 0, 0, 0, 0, 0, 0, 0, 0, 0, 0, 0, 0, 0, 0, 0, 0, 0]"
HSGS,original,False,0.3,0.1,0.4286,"[0.3005489174641226, 0.6501295004136458, -3.469697120979037, 4.248489919236032, -2.79087162511327, -3.566830554240752, 0.8234125806737658, 0.4504098591020349, 4.369013240883915, 0.16775285974498075, -3.495150909702207, -7.8092341109089185, 12.072384689385034, 8.177401154851577, -7.334109614219398, 5.137917994309259, -6.931352493480483, 4.013994677212664, 4.272625332643956, -0.023950951669304915]",0.2303028790209648,"[0, 0, 0, 0, 0, 0, 0, 0, 0, 0, 0, 0, 0, 0, 0, 0, 0, 0, 0, 0, 0, 0, 0, 0, 0, 0, 0, 0, 0, 0, 0, 0, 0, 0, 0, 0, 0, 0, 0, 0, 0, 0, 0, 0, 0, 0, 0, 0, 0, 0, 0, 0, 0, 0, 0, 0, 0, 0, 0, 0, 0, 0, 0, 0, 0, 0, 0, 0, 0, 0]"
HSGS,original,False,0.5,0.02,0.4286,"[0.6005489174641225, 0.9501295004136456, -0.5696971209790354, 1.3484899192360311, 0.10912837488673076, -0.6668305542407501, 0.5234125806737658, 0.7504098591020348, 1.4690132408839145, 0.4677528597449807, -0.5951509097022052, -1.1092341109089303, 2.7723846893850608, 2.07740115485159, -1.234109614219408, 1.6379179943092612, -0.8313524934804916, 1.1139946772126628, 1.3726253326439546, 0.2760490483306951]",0.2303028790209648,"[0, 0, 0, 0, 0, 0, 0, 0, 0, 0, 0, 0, 0, 0, 0, 0, 0, 0, 0, 0, 0, 0, 0, 0, 0, 0, 0, 0, 0, 0, 0, 0, 0, 0, 0, 0, 0, 0, 0, 0, 0, 0, 0, 0, 0, 0, 0, 0, 0, 0, 0, 0, 0, 0, 0, 0, 0, 0, 0, 0, 0, 0, 0, 0, 0, 0, 0, 0, 0, 0]"
HSGS,original,False,0.3,0.02,0.4286,"[0.6005489174641225, 0.9501295004136456, -0.5696971209790354, 1.3484899192360311, 0.10912837488673076, -0.6668305542407501, 0.5234125806737658, 0.7504098591020348, 1.4690132408839145, 0.4677528597449807, -0.5951509097022052, -1.1092341109089303, 2.7723846893850608, 2.07740115485159, -1.234109614219408, 1.6379179943092612, -0.8313524934804916, 1.1139946772126628, 1.3726253326439546, 0.2760490483306951]",0.2303028790209648,"[0, 0, 0, 0, 0, 0, 0, 0, 0, 0, 0, 0, 0, 0, 0, 0, 0, 0, 0, 0, 0, 0, 0, 0, 0, 0, 0, 0, 0, 0, 0, 0, 0, 0, 0, 0, 0, 0, 0, 0, 0, 0, 0, 0, 0, 0, 0, 0, 0, 0, 0, 0, 0, 0, 0, 0, 0, 0, 0, 0, 0, 0, 0, 0, 0, 0, 0, 0, 0, 0]"
phase-encoding,angleradius,False,0.5,0.02,0.4286,"[-1.0383821702407035, 0.3817097243504395, 2.1994729038039744, -0.343804877128015, -0.036111222691068215, 0.35662139399343445]",0.7799187922401146,"[0, 0, 0, 1, 1, 1, 1, 0, 0, 0, 1, 1, 1, 1, 0, 0, 0, 1, 1, 1, 1, 0, 0, 0, 1, 1, 1, 1, 0, 0, 0, 1, 1, 1, 1, 0, 0, 0, 1, 1, 1, 1, 0, 0, 0, 1, 1, 1, 1, 0, 0, 0, 1, 1, 1, 1, 0, 0, 0, 1, 1, 1, 1, 0, 0, 0, 1, 1, 1, 1]"
phase-encoding,radius,False,0.1,0.02,0.4286,"[2.513284608661786, 4.15921317033119, 4.913896495747581, -2.2432070276437126]","[0.24875314351995803, 0.5761573344178369, 0.592041931271839, 0.5722519057908734]","[0, 1, 1, 1, 1, 1, 1, 0, 1, 1, 1, 1, 1, 1, 0, 1, 1, 1, 1, 1, 1, 0, 1, 1, 1, 1, 1, 1, 0, 1, 1, 1, 1, 1, 1, 0, 1, 1, 1, 1, 1, 1, 0, 1, 1, 1, 1, 1, 1, 0, 1, 1, 1, 1, 1, 1, 0, 1, 1, 1, 1, 1, 1, 0, 1, 1, 1, 1, 1, 1]"
phase-encoding,radius,True,0.1,0.02,0.4286,"[0.830037736517204, 1.058343163603008, 0.7617475587566104, 0.7419575332756447, 1.5910226472617657, 0.9910079679623336, 1.0, 1.0]","[0.24875314351995803, 0.5761573344178369, 0.592041931271839, 0.5722519057908734]","[1, 1, 1, 1, 1, 1, 0, 1, 1, 1, 1, 1, 1, 0, 1, 1, 1, 1, 1, 1, 0, 1, 1, 1, 1, 1, 1, 0, 1, 1, 1, 1, 1, 1, 0, 1, 1, 1, 1, 1, 1, 0, 1, 1, 1, 1, 1, 1, 0, 1, 1, 1, 1, 1, 1, 0, 1, 1, 1, 1, 1, 1, 0, 1, 1, 1, 1, 1, 1, 0]"
phase-encoding,radius,False,0.1,0.1,0.4286,"[13.489011444031153, 19.73623933582929, 24.509006497807263, -14.940536254653216]","[0.6778165367962301, 0.27000797319216485, 0.7351940221225949, 0.9621885451174382]","[1, 1, 0, 1, 1, 1, 1, 1, 1, 0, 1, 1, 1, 1, 1, 1, 0, 1, 1, 1, 1, 1, 1, 0, 1, 1, 1, 1, 1, 1, 0, 1, 1, 1, 1, 1, 1, 0, 1, 1, 1, 1, 1, 1, 0, 1, 1, 1, 1, 1, 1, 0, 1, 1, 1, 1, 1, 1, 0, 1, 1, 1, 1, 1, 1, 0, 1, 1, 1, 1]"
phase-encoding,angleradius,True,0.1,0.02,0.4286,"[1.345558208419104, 1.7430688437643223, 3.30906270564163, 3.536057228636474, 6.057508151185543, 0.728442417074205, 2.429424657383348, 2.429424657383348, 5.041642393015291, 1.8542586889359363]","[0.6778165367962301, 0.27000797319216485, 0.7351940221225949, 0.9621885451174382]","[1, 1, 0, 0, 0, 0, 0, 1, 1, 0, 0, 0, 0, 0, 1, 1, 0, 0, 0, 0, 0, 1, 1, 0, 0, 0, 0, 0, 1, 1, 0, 0, 0, 0, 0, 1, 1, 0, 0, 0, 0, 0, 1, 1, 0, 0, 0, 0, 0, 1, 1, 0, 0, 0, 0, 0, 1, 1, 0, 0, 0, 0, 0, 1, 1, 0, 0, 0, 0, 0]"
phase-encoding,radius,True,0.1,0.1,0.4286,"[-1.260451513203404, 1.0501192472659562, -1.8103903901489766, -1.5833958671541333, -2.3591923483714368, 0.03609447057409946, 1.0, 1.0]","[0.6778165367962301, 0.27000797319216485, 0.7351940221225949, 0.9621885451174382]","[1, 1, 1, 1, 1, 1, 0, 1, 1, 1, 1, 1, 1, 0, 1, 1, 1, 1, 1, 1, 0, 1, 1, 1, 1, 1, 1, 0, 1, 1, 1, 1, 1, 1, 0, 1, 1, 1, 1, 1, 1, 0, 1, 1, 1, 1, 1, 1, 0, 1, 1, 1, 1, 1, 1, 0, 1, 1, 1, 1, 1, 1, 0, 1, 1, 1, 1, 1, 1, 0]"
phase-encoding,original,True,0.1,0.1,0.4286,"[-1.4509999999999985, 0.2029999999999979, 6.357000000000003, -17.61400000000001, 28.300000000000136, 28.300000000000136, 28.300000000000136, 28.300000000000136]","[0.5, 0.5, 0.5, 0.5]","[0, 1, 1, 1, 1, 1, 1, 0, 1, 1, 1, 1, 1, 1, 0, 1, 1, 1, 1, 1, 1, 0, 1, 1, 1, 1, 1, 1, 0, 1, 1, 1, 1, 1, 1, 0, 1, 1, 1, 1, 1, 1, 0, 1, 1, 1, 1, 1, 1, 0, 1, 1, 1, 1, 1, 1, 0, 1, 1, 1, 1, 1, 1, 0, 1, 1, 1, 1, 1, 1]"
phase-encoding,radius,False,0.3,0.1,0.4286,"[4.220303790913007, 8.365176841731424, 9.182893329328751, -11.067104463100808]","[0.5, 0.5, 0.5, 0.5]","[1, 1, 1, 0, 1, 0, 0, 1, 1, 1, 0, 1, 0, 0, 1, 1, 1, 0, 1, 0, 0, 1, 1, 1, 0, 1, 0, 0, 1, 1, 1, 0, 1, 0, 0, 1, 1, 1, 0, 1, 0, 0, 1, 1, 1, 0, 1, 0, 0, 1, 1, 1, 0, 1, 0, 0, 1, 1, 1, 0, 1, 0, 0, 1, 1, 1, 0, 1, 0, 0]"
HSGS,original,True,0.1,0.1,0.44288,"[6.100548917464117, -1.3498704995863544, 4.930302879020964, 9.848489919236012, -9.390871625113252, -5.166830554240748, -5.376587419326232, 7.250409859102025, 2.1690132408839147, -9.432247140255003, -8.495150909702192, -1.8092341109089303, 10.672384689385039, 18.377401154851583, -13.534109614219377, 11.537917994309236, 2.6686475065195108, 17.413994677212642, 6.872625332643946, -4.423950951669306, 6.099999999999995, 6.099999999999995, 6.099999999999995, 6.099999999999995, 6.099999999999995, 6.099999999999995, 6.099999999999995, 6.099999999999995, 6.099999999999995, 6.099999999999995, 6.099999999999995, 6.099999999999995, 6.099999999999995, 6.099999999999995, 6.099999999999995, 6.099999999999995, 6.099999999999995, 6.099999999999995, 6.099999999999995, 6.099999999999995]",0.2303028790209648,"[1, 0, 1, 1, 1, 0, 0, 1, 0, 1, 1, 1, 0, 0, 1, 0, 1, 1, 1, 0, 0, 1, 0, 1, 1, 1, 0, 0, 1, 0, 1, 1, 1, 0, 0, 1, 0, 1, 1, 1, 0, 0, 1, 0, 1, 1, 1, 0, 1, 1, 0, 1, 1, 1, 0, 0, 1, 0, 1, 1, 1, 0, 0, 1, 0, 1, 1, 1, 0, 0]"
phase-encoding,original,True,0.1,0.02,0.48572,"[0.03700000000000137, 0.7018000000000032, 1.7451999999999994, -2.7095999999999987, 6.039999999999959, 6.039999999999959, 6.039999999999959, 6.039999999999959]","[0.5, 0.5, 0.5, 0.5]","[1, 1, 1, 1, 1, 1, 0, 1, 1, 1, 1, 1, 1, 0, 1, 1, 1, 1, 1, 1, 0, 1, 1, 1, 0, 1, 1, 0, 1, 1, 1, 0, 1, 1, 0, 1, 1, 1, 1, 1, 1, 0, 1, 1, 1, 0, 1, 1, 0, 1, 1, 1, 1, 1, 1, 0, 1, 1, 1, 0, 1, 1, 0, 1, 1, 1, 1, 1, 1, 0]"
phase-encoding,radius,False,0.5,0.1,0.5713999999999999,"[-3.722637145858605, 0.9526710161102153, -2.3570231188845097, -7.390823141453358]","[0.5, 0.5, 0.5, 0.5]","[1, 0, 1, 0, 1, 0, 0, 1, 0, 1, 0, 1, 0, 0, 1, 0, 1, 0, 1, 0, 0, 1, 0, 1, 0, 1, 0, 0, 1, 0, 1, 0, 1, 0, 0, 1, 0, 1, 0, 1, 0, 0, 1, 0, 1, 0, 1, 0, 0, 1, 0, 1, 0, 1, 0, 0, 1, 0, 1, 0, 1, 0, 0, 1, 0, 1, 0, 1, 0, 0]"
HSGS,original,True,0.3,0.02,0.5713999999999999,"[0.22054891746412225, 0.6501295004136454, -0.06969712097903515, 1.4884899192360312, 0.7691283748867311, -0.20683055424074984, 0.5034125806737658, 0.8504098591020349, 1.1690132408839142, 0.007752859744980585, -0.13515090970220492, -0.9292341109089303, 2.3923846893850604, 1.8574011548515896, -0.9341096142194076, 1.8179179943092614, -0.17135249348049109, 1.0939946772126627, 0.7526253326439541, 0.2960490483306951, -0.4200000000000007, -0.4200000000000007, -0.4200000000000007, -0.4200000000000007, -0.4200000000000007, -0.4200000000000007, -0.4200000000000007, -0.4200000000000007, -0.4200000000000007, -0.4200000000000007, -0.4200000000000007, -0.4200000000000007, -0.4200000000000007, -0.4200000000000007, -0.4200000000000007, -0.4200000000000007, -0.4200000000000007, -0.4200000000000007, -0.4200000000000007, -0.4200000000000007]",0.6005489174641225,"[0, 0, 0, 0, 0, 0, 1, 0, 0, 0, 0, 0, 0, 1, 0, 0, 0, 0, 0, 0, 1, 0, 0, 0, 0, 0, 0, 1, 0, 0, 0, 0, 0, 0, 1, 0, 0, 0, 0, 0, 0, 1, 0, 0, 0, 0, 0, 0, 1, 0, 0, 0, 0, 0, 0, 1, 0, 0, 0, 0, 0, 0, 1, 0, 0, 0, 0, 0, 0, 1]"
phase-encoding,radius,False,0.5,0.02,0.5713999999999999,"[-0.22412791874072738, 0.6484735601973525, 0.05146334207855886, -1.1864237579611816]","[0.5, 0.5, 0.5, 0.5]","[1, 0, 1, 0, 1, 0, 0, 1, 0, 1, 0, 1, 0, 0, 1, 0, 1, 0, 1, 0, 0, 1, 0, 1, 0, 1, 0, 0, 1, 0, 1, 0, 1, 0, 0, 1, 0, 1, 0, 1, 0, 0, 1, 0, 1, 0, 1, 0, 0, 1, 0, 1, 0, 1, 0, 0, 1, 0, 1, 0, 1, 0, 0, 1, 0, 1, 0, 1, 0, 0]"
phase-encoding,radius,False,0.3,0.02,0.5713999999999999,"[0.09492454438295372, 0.19918798887213252, 0.17311306661137005, -0.2596822752890721]",0.7234651778309412,"[1, 0, 1, 0, 1, 0, 0, 1, 0, 1, 0, 1, 0, 0, 1, 0, 1, 0, 1, 0, 0, 1, 0, 1, 0, 1, 0, 0, 1, 0, 1, 0, 1, 0, 0, 1, 0, 1, 0, 1, 0, 0, 1, 0, 1, 0, 1, 0, 0, 1, 0, 1, 0, 1, 0, 0, 1, 0, 1, 0, 1, 0, 0, 1, 0, 1, 0, 1, 0, 0]"
HSGS,original,True,0.3,0.1,0.5713999999999999,"[-1.651246856480039, -0.0738426655821645, 6.992041931271844, -19.227748094209122, 36.00000000000024, 36.00000000000024, 36.00000000000024, 36.00000000000024]","[0.24875314351995803, 0.5761573344178369, 0.592041931271839, 0.5722519057908734]","[1, 1, 1, 1, 1, 1, 1, 1, 1, 1, 1, 1, 1, 1, 1, 1, 1, 1, 1, 1, 1, 1, 1, 1, 1, 1, 1, 1, 1, 1, 1, 1, 1, 1, 1, 1, 1, 1, 1, 1, 1, 1, 1, 1, 1, 1, 1, 1, 1, 1, 1, 1, 1, 1, 1, 1, 1, 1, 1, 1, 1, 1, 1, 1, 1, 1, 1, 1, 1, 1]"
HSGS,original,False,0.1,0.02,0.5713999999999999,"[0.120000000000002, 0.3700000000000009, 1.7799999999999987, -3.4600000000000013]","[0.5, 0.5, 0.5, 0.5]","[1, 1, 1, 1, 1, 1, 1, 1, 1, 1, 1, 1, 1, 1, 1, 1, 1, 1, 1, 1, 1, 1, 1, 1, 1, 1, 1, 1, 1, 1, 1, 1, 1, 1, 1, 1, 1, 1, 1, 1, 1, 1, 1, 1, 1, 1, 1, 1, 1, 1, 1, 1, 1, 1, 1, 1, 1, 1, 1, 1, 1, 1, 1, 1, 1, 1, 1, 1, 1, 1]"
HSGS,original,False,0.1,0.1,0.5713999999999999,"[-0.19945108253587748, -0.04987049958635412, -3.569697120979037, 3.3484899192360325, -2.0908716251132695, -4.66683055424075, -0.07658741932623414, 0.3504098591020349, 6.2690132408839085, 0.06775285974498074, -0.19515090970220497, -3.109234110908931, 9.172384689385044, 7.877401154851577, -7.434109614219397, 2.4379179943092617, -1.8313524934804912, 5.513994677212659, 1.5726253326439543, 0.2760490483306951]",0.6005489174641225,"[1, 0, 0, 1, 0, 1, 0, 1, 0, 0, 1, 0, 1, 0, 1, 0, 0, 1, 0, 1, 0, 1, 0, 0, 1, 0, 1, 0, 1, 0, 0, 1, 0, 1, 0, 1, 0, 0, 1, 0, 1, 0, 1, 0, 0, 1, 0, 1, 0, 1, 0, 0, 1, 0, 1, 0, 1, 0, 0, 1, 0, 1, 0, 1, 0, 0, 1, 0, 1, 0]"
phase-encoding,angleradius,False,0.1,0.02,0.5713999999999999,"[2.7754355682017064, 4.316905439453742, 5.870674287106124, 0.15003478970723855, 5.517612989448368, -1.9451395166017753]","[0.5, 0.5, 0.5, 0.5]","[1, 1, 1, 1, 1, 1, 1, 1, 1, 1, 1, 1, 1, 1, 1, 1, 1, 1, 1, 1, 1, 1, 1, 1, 1, 1, 1, 1, 1, 1, 1, 1, 1, 1, 1, 1, 1, 1, 1, 1, 1, 1, 1, 1, 1, 1, 1, 1, 1, 1, 1, 1, 1, 1, 1, 1, 1, 1, 1, 1, 1, 1, 1, 1, 1, 1, 1, 1, 1, 1]"
phase-encoding,angleradius,True,0.1,0.1,0.5713999999999999,"[-0.4669064856687404, 0.12560648154804446, -0.2071067811865477, -0.2071067811865477, 25.26344710044143, -0.7991593620424153, 0.6073009183012759, 0.6073009183012759, -0.1745375396138748, 0.7934481736723199]","[0.5, 0.5, 0.5, 0.5]","[0, 0, 1, 1, 0, 1, 0, 0, 0, 1, 1, 0, 1, 0, 0, 0, 1, 1, 0, 1, 0, 0, 0, 1, 1, 0, 1, 0, 0, 0, 1, 1, 0, 1, 0, 0, 0, 1, 1, 0, 1, 0, 0, 0, 1, 1, 0, 1, 0, 0, 0, 1, 1, 0, 1, 0, 0, 0, 1, 1, 0, 1, 0, 0, 0, 1, 1, 0, 1, 0]"
phase-encoding,angle,False,0.1,0.1,0.7142999999999999,"[28.860119600533615, 1.0532908022259988, 25.430940655639187, -14.180507879373135]","[0.6778165367962301, 0.27000797319216485, 0.7351940221225949, 0.9621885451174382]","[1, 0, 1, 1, 1, 1, 1, 1, 0, 1, 1, 1, 1, 1, 1, 0, 1, 1, 1, 1, 1, 1, 0, 1, 1, 1, 1, 1, 1, 0, 1, 1, 1, 1, 1, 1, 0, 1, 1, 1, 1, 1, 1, 0, 1, 1, 1, 1, 1, 1, 0, 1, 1, 1, 1, 1, 1, 0, 1, 1, 1, 1, 1, 1, 0, 1, 1, 1, 1, 1]"
